"Problem","Planner","Successes","Min Plan Length","Max Plan Length","Avg. Plan Length","Plan Length Std.","Min Nodes Visited","Max Nodes Visited","Avg. Nodes Visited","Nodes Visited Std.","Min Nodes Generated","Max Nodes Generated","Avg. Nodes Generated","Nodes Generated Std.","Min Time (ms)","Max Time (ms)","Avg. Time (ms)","Time Std. (ms)"
"bribery","BFS",10,2,2,2.0,0.0,8,10,9.2,0.7483314773547883,145,177,164.2,11.973303637676613,0,1,0.7,0.45825756949558405
"bribery","EFS",10,2,2,2.0,0.0,22360,22368,22363.7,3.348133808556641,53917,53998,53950.9,37.87730191024699,397,496,450.9,38.712917740723185
"bribery","GFS",10,2,2,2.0,0.0,79,100,90.9,7.569015788066505,868,1098,999.0,83.12039460926542,2,4,2.2,0.6
"bribery","A* h+",10,2,2,2.0,0.0,2,2,2.0,0.0,37,37,37.0,0.0,0,3,0.3,0.9000000000000001
"bribery","A* hmax",10,2,2,2.0,0.0,2,2,2.0,0.0,37,37,37.0,0.0,0,1,0.5,0.5
"bribery","A* rp",10,2,2,2.0,0.0,2,2,2.0,0.0,37,37,37.0,0.0,0,1,0.5,0.5
"bribery","EFS h+",10,2,2,2.0,0.0,5743,5744,5743.3,0.45825756949558405,15047,15050,15047.9,1.374772708486752,323,353,342.1,7.942921376924235
"bribery","EFS hmax",10,2,2,2.0,0.0,600,601,600.3,0.45825756949558405,5716,5719,5716.9,1.374772708486752,82,118,103.7,9.737042672187485
"bribery","EFS rp",10,2,2,2.0,0.0,5743,5744,5743.3,0.45825756949558405,15047,15050,15047.9,1.374772708486752,419,459,448.3,10.421612159354233
"bribery","GFS h+",10,2,2,2.0,0.0,3,3,3.0,0.0,32,32,32.0,0.0,0,6,1.1,1.757839583124695
"bribery","GFS hmax",10,2,2,2.0,0.0,3,3,3.0,0.0,32,32,32.0,0.0,0,1,0.5,0.5
"bribery","GFS rp",10,2,2,2.0,0.0,3,3,3.0,0.0,32,32,32.0,0.0,0,1,0.6,0.48989794855663565
"deerhunter_any","BFS",10,6,6,6.0,0.0,10100,10108,10104.0,4.0,81729,81848,81788.5,59.5,1981,3040,2609.2,502.2058940315217
"deerhunter_any","EFS",10,6,6,6.0,0.0,5896,6106,6001.0,105.0,24161,24330,24245.5,84.5,893,1223,1073.5,139.83007544873885
"deerhunter_any","GFS",10,6,6,6.0,0.0,66442,66505,66473.5,31.5,519209,519888,519548.5,339.5,16002,16254,16157.9,68.46378604780779
"deerhunter_any","A* h+",10,6,6,6.0,0.0,4472,4472,4472.0,0.0,57760,57760,57760.0,0.0,7161,7388,7276.0,63.85608819838559
"deerhunter_any","A* hmax",10,6,6,6.0,0.0,436,437,436.5,0.5,6335,6353,6344.0,9.0,582,688,629.5,36.376503405357695
"deerhunter_any","A* rp",10,6,6,6.0,0.0,238,1973,932.0,849.9729407457628,3640,24726,12074.4,10329.988143265218,369,3105,1432.8,1283.6948079664419
"deerhunter_any","EFS h+",10,6,6,6.0,0.0,65,65,65.0,0.0,485,485,485.0,0.0,43,83,55.0,10.917875251164945
"deerhunter_any","EFS hmax",10,6,6,6.0,0.0,190,197,193.5,3.5,1571,1641,1606.0,35.0,131,223,179.1,26.856842703489924
"deerhunter_any","EFS rp",10,6,6,6.0,0.0,103,157,131.4,21.275337835155522,748,1037,883.1,101.04004156768741,78,127,102.7,15.15288751360611
"deerhunter_any","GFS h+",10,6,6,6.0,0.0,89805,89805,89805.0,0.0,182806,182806,182806.0,0.0,22659,33325,29052.6,5034.9406590346225
"deerhunter_any","GFS hmax",10,6,6,6.0,0.0,1791,1792,1791.5,0.5,10667,10680,10673.5,6.5,1022,1340,1218.2,115.34452739510444
"deerhunter_any","GFS rp",10,6,6,6.0,0.0,9454,28762,17177.2,9458.94959073152,17221,67134,37186.2,24452.276306307354,2624,10679,5875.1,3791.4601263893046
"deerhunter_both","BFS",0,,,,,1000000,1000000,1000000.0,0.0,8051711,8051712,8051711.5,0.5,2462145,2512588,2488055.7,22516.977541624008
"deerhunter_both","EFS",10,10,10,10.0,0.0,529909,532232,531070.5,1161.5,2651578,2660915,2656246.5,4668.5,1715306,1735988,1725272.7,7373.734820970984
"deerhunter_both","GFS",0,,,,,1000000,1000000,1000000.0,0.0,7073285,7073285,7073285.0,0.0,269592,272424,271169.9,1058.4902880990453
"deerhunter_both","A* h+",0,,,,,1000000,1000000,1000000.0,0.0,10497401,10497401,1.0497401E7,0.0,4387931,4418440,4401777.0,11176.701669097194
"deerhunter_both","A* hmax",0,,,,,1000000,1000000,1000000.0,0.0,10721164,10721164,1.0721164E7,0.0,2728491,2764996,2743991.5,11175.977427053082
"deerhunter_both","A* rp",10,10,10,10.0,0.0,632618,869243,774554.9,115427.00023257124,6663528,9215357,8195248.8,1247536.3776563632,1948476,4929516,3719359.7,1385246.8154209957
"deerhunter_both","EFS h+",10,10,10,10.0,0.0,94259,94330,94294.5,35.5,534737,534737,534737.0,0.0,91134,102947,100822.0,3342.3901029054045
"deerhunter_both","EFS hmax",10,10,10,10.0,0.0,79043,79127,79085.0,42.0,661965,662009,661987.0,22.0,99142,171923,132419.8,30198.662933315438
"deerhunter_both","EFS rp",10,10,10,10.0,0.0,41440,87243,68380.7,21692.17787613775,212971,542407,407601.5,158099.11697239173,31536,126517,86088.0,43375.475688457875
"deerhunter_both","GFS h+",0,,,,,1000000,1000000,1000000.0,0.0,2298471,2298471,2298471.0,0.0,358643,391011,375241.1,11430.497350946722
"deerhunter_both","GFS hmax",0,,,,,1000000,1000000,1000000.0,0.0,6311125,6311125,6311125.0,0.0,769793,858465,823749.8,26614.571102311606
"deerhunter_both","GFS rp",0,,,,,1000000,1000000,1000000.0,0.0,2421641,2574920,2482967.2,75079.14808760153,318402,370337,345319.4,15486.734001719022
"secretagent","BFS",10,8,8,8.0,0.0,659,665,662.6,2.939387691339814,711,745,731.4,16.65653025092561,10,11,10.5,0.5
"secretagent","EFS",10,8,8,8.0,0.0,175,186,181.6,5.388877434122992,241,252,247.6,5.388877434122992,15,16,15.1,0.3
"secretagent","GFS",10,8,8,8.0,0.0,308,318,314.0,4.898979485566356,775,789,783.4,6.858571279792898,9,10,9.6,0.4898979485566356
"secretagent","A* h+",10,8,8,8.0,0.0,372,376,374.4,1.9595917942265424,815,828,822.8,6.368673331236264,24,42,29.5,7.774959806970066
"secretagent","A* hmax",10,8,8,8.0,0.0,344,344,344.0,0.0,757,757,757.0,0.0,20,36,26.0,6.082762530298219
"secretagent","A* rp",10,8,8,8.0,0.0,404,420,418.4,4.799999999999999,721,785,778.6,19.2,40,51,45.2,2.6
"secretagent","EFS h+",10,8,8,8.0,0.0,30,35,33.0,2.449489742783178,115,128,122.8,6.368673331236263,10,25,18.5,4.295346318982906
"secretagent","EFS hmax",10,8,8,8.0,0.0,34,34,34.0,0.0,107,107,107.0,0.0,16,20,18.6,1.2806248474865698
"secretagent","EFS rp",10,8,8,8.0,0.0,34,39,34.5,1.5,115,128,116.3,3.9000000000000004,13,28,20.0,4.8166378315169185
"secretagent","GFS h+",10,8,8,8.0,0.0,221,225,223.4,1.9595917942265424,492,504,499.2,5.8787753826796285,22,26,23.6,1.3564659966250538
"secretagent","GFS hmax",10,8,8,8.0,0.0,219,219,219.0,0.0,504,504,504.0,0.0,21,35,30.1,5.448853090330111
"secretagent","GFS rp",10,8,8,8.0,0.0,185,218,214.7,9.9,423,491,484.2,20.4,22,31,24.6,2.497999199359359
"aladdin_any","BFS",0,,,,,1000000,1000000,1000000.0,0.0,34993640,35004125,3.50005034E7,3052.519916396943,5848009,5876776,5865495.5,9058.20393069178
"aladdin_any","EFS",0,,,,,1000000,1000000,1000000.0,0.0,21042645,21122608,2.10909645E7,23689.902803726316,3895175,4013181,3940928.8,30015.25725960049
"aladdin_any","GFS",0,,,,,1000000,1000000,1000000.0,0.0,12226292,12499057,1.2255296E7,81262.6330991065,1332383,1360535,1348676.7,7297.236655748531
"aladdin_any","A* h+",0,,,,,1000000,1000000,1000000.0,0.0,25836505,25867025,2.58554092E7,11217.163579087184,9341742,10302759,9851547.6,286921.29953811376
"aladdin_any","A* hmax",0,,,,,1000000,1000000,1000000.0,0.0,25624176,25651863,2.56408545E7,9425.777169549468,9468167,9981591,9713076.2,160220.49637409067
"aladdin_any","A* rp",0,,,,,1000000,1000000,1000000.0,0.0,26797251,26850400,2.68315544E7,19150.758931175547,9965255,10878897,1.04397384E7,263509.78263593937
"aladdin_any","EFS h+",0,,,,,1000000,1000000,1000000.0,0.0,4084474,4106921,4096110.2,6717.7546367815485,1538856,1680473,1612994.3,41918.13554071793
"aladdin_any","EFS hmax",0,,,,,1000000,1000000,1000000.0,0.0,15680613,16723847,1.63551144E7,396543.8401322608,6974796,7567864,7324469.7,202211.42343401373
"aladdin_any","EFS rp",0,,,,,1000000,1000000,1000000.0,0.0,3678122,4178345,3927378.6,153210.94300617042,1480673,1614711,1557990.4,43457.42980250903
"aladdin_any","GFS h+",0,,,,,1000000,1000000,1000000.0,0.0,1521643,9084353,6533879.7,3279373.2451069686,519548,3340614,2459457.8,1266581.6281518375
"aladdin_any","GFS hmax",0,,,,,1000000,1000000,1000000.0,0.0,8508572,9230733,8830681.3,319428.4640620025,3022477,3375434,3217946.5,137583.90627413514
"aladdin_any","GFS rp",0,,,,,1000000,1000000,1000000.0,0.0,1494545,9243617,6342301.9,3265573.2603442064,527239,3642650,2393394.8,1269806.9686739633
"aladdin_both","BFS",0,,,,,1000000,1000000,1000000.0,0.0,34993640,35004125,3.50005034E7,3052.519916396943,5682372,5941028,5819847.5,68227.60555266468
"aladdin_both","EFS",0,,,,,1000000,1000000,1000000.0,0.0,21042645,21122608,2.10909645E7,23689.902803726316,3718985,3989589,3865071.0,78970.81934107053
"aladdin_both","GFS",0,,,,,1000000,1000000,1000000.0,0.0,12226292,12499057,1.2255296E7,81262.6330991065,1372461,1417469,1389942.3,14162.046462640914
"aladdin_both","A* h+",0,,,,,1000000,1000000,1000000.0,0.0,25836505,25867025,2.58554092E7,11217.163579087184,9227985,10015876,9634467.1,202230.20080811373
"aladdin_both","A* hmax",0,,,,,1000000,1000000,1000000.0,0.0,25624176,25651863,2.56408545E7,9425.777169549468,9433932,9985974,9656745.7,175581.73192735625
"aladdin_both","A* rp",0,,,,,1000000,1000000,1000000.0,0.0,26797251,26850400,2.68315544E7,19150.758931175547,10296592,10741108,1.0527017E7,158077.65059742
"aladdin_both","EFS h+",0,,,,,1000000,1000000,1000000.0,0.0,4084474,4106921,4096110.2,6717.7546367815485,1508077,1643884,1573221.1,39856.18047041136
"aladdin_both","EFS hmax",0,,,,,1000000,1000000,1000000.0,0.0,15680613,16723847,1.63551144E7,396543.8401322608,6951686,7507338,7274762.6,193037.15625920313
"aladdin_both","EFS rp",0,,,,,1000000,1000000,1000000.0,0.0,3678122,4178345,3927378.6,153210.94300617042,1484833,1665381,1574008.2,69502.35288074786
"aladdin_both","GFS h+",0,,,,,1000000,1000000,1000000.0,0.0,1521643,9084353,6533879.7,3279373.2451069686,538172,3363303,2450420.9,1248049.5794361255
"aladdin_both","GFS hmax",0,,,,,1000000,1000000,1000000.0,0.0,8508572,9230733,8830681.3,319428.4640620025,3063184,3361284,3217370.0,103350.04871213171
"aladdin_both","GFS rp",0,,,,,1000000,1000000,1000000.0,0.0,1494545,9243617,6342301.9,3265573.2603442064,541442,3639743,2417545.6,1280636.0547995828
"hospital_any","BFS",10,4,4,4.0,0.0,31106,31639,31299.9,199.9357146684904,755032,761128,757195.7,2013.2547305296466,24650,25137,24914.5,148.17641512737444
"hospital_any","EFS",0,,,,,1000000,1000000,1000000.0,0.0,3762148,3911352,3841207.4,48482.304962119946,139022,146159,143064.0,2540.6627481820565
"hospital_any","GFS",10,4,4,4.0,0.0,37750,225924,131973.7,89071.755682764,841226,1298658,1072757.4,159566.27262062617,33216,54024,43337.5,7100.428328629197
"hospital_any","A* h+",10,4,4,4.0,0.0,317,317,317.0,0.0,9243,9243,9243.0,0.0,2049,2283,2155.8,62.842342413376024
"hospital_any","A* hmax",10,4,4,4.0,0.0,347,347,347.0,0.0,10047,10047,10047.0,0.0,2210,2523,2299.8,82.6278403445231
"hospital_any","A* rp",10,4,4,4.0,0.0,117,47539,5415.9,14073.90211313124,3307,495761,66588.4,145275.81222295744,943,136315,18382.0,39952.57942611465
"hospital_any","EFS h+",0,,,,,1000000,1000000,1000000.0,0.0,3745572,3748750,3747567.4,955.6155293840719,667700,755715,707610.8,21972.911777003977
"hospital_any","EFS hmax",10,4,4,4.0,0.0,133295,133954,133657.4,249.89805921615317,2324780,2333542,2328864.7,3165.8400796629003,458399,516079,491597.6,16751.517705569247
"hospital_any","EFS rp",8,4,5,4.25,0.4330127018922193,594481,1000000,890847.7,127821.34090287898,2493247,4081137,3416549.3,462863.9490595589,521620,922722,742707.2,108790.56696037576
"hospital_any","GFS h+",10,4,4,4.0,0.0,39,96895,48467.0,48428.0,875,131691,66271.0,65396.00085632148,241,35751,16604.7,16377.200756234259
"hospital_any","GFS hmax",10,4,4,4.0,0.0,54,810,432.0,378.0,1196,12645,6920.5,5724.5,303,3137,1669.2,1355.195395505755
"hospital_any","GFS rp",10,4,5,4.3,0.45825756949558405,23,95991,15854.6,28126.46665402535,545,131402,25672.2,38436.1660465765,164,34203,6739.5,10012.36663581593
"hospital_both","BFS",0,,,,,1000000,1000000,1000000.0,0.0,21538112,21824391,2.16843821E7,126720.58105015934,1472539,1770261,1625193.3,141426.2315089036
"hospital_both","EFS",0,,,,,1000000,1000000,1000000.0,0.0,3762148,3911352,3841207.4,48482.304962119946,141472,147819,144088.1,2259.285747753037
"hospital_both","GFS",0,,,,,1000000,1000000,1000000.0,0.0,3998895,4390146,4276557.4,145085.62808920807,167009,185643,178528.6,6502.863756838213
"hospital_both","A* h+",0,,,,,1000000,1000000,1000000.0,0.0,22385904,22392993,2.23889361E7,2723.4552851111766,5177864,5443451,5313540.4,83147.83260578715
"hospital_both","A* hmax",0,,,,,1000000,1000000,1000000.0,0.0,21951901,21995953,2.19816278E7,13739.312776118026,4916246,5278338,5096009.5,140152.60121471167
"hospital_both","A* rp",0,,,,,1000000,1000000,1000000.0,0.0,16065732,25633701,2.32505835E7,3432568.729733412,4229874,6851618,6104122.7,869479.5058523288
"hospital_both","EFS h+",0,,,,,1000000,1000000,1000000.0,0.0,3745572,3748750,3747567.4,955.6155293840719,675089,730476,708259.5,14396.96128528517
"hospital_both","EFS hmax",0,,,,,1000000,1000000,1000000.0,0.0,17602400,17621813,1.76090794E7,6545.142476676883,3657667,3910077,3716296.5,74589.47071437094
"hospital_both","EFS rp",0,,,,,1000000,1000000,1000000.0,0.0,3611603,4081137,3787659.6,184481.52984469748,790923,1018441,862688.3,72270.83753914853
"hospital_both","GFS h+",0,,,,,1000000,1000000,1000000.0,0.0,1392266,1392559,1392379.4,85.13424692801365,267169,293996,278715.0,7623.781581341375
"hospital_both","GFS hmax",0,,,,,1000000,1000000,1000000.0,0.0,12249220,12254423,1.22518799E7,1931.25272556442,2638575,2738055,2678049.0,32965.319185471264
"hospital_both","GFS rp",0,,,,,1000000,1000000,1000000.0,0.0,1379971,1589128,1456074.8,83801.74952684461,304204,371708,328347.5,19229.729292166336
"basketball_any","BFS",10,4,4,4.0,0.0,868,2390,1368.7,589.5891874856594,25412,79424,43569.0,20717.269834609,1078,4218,2112.7,1121.2283487318718
"basketball_any","EFS",3,3,3,3.0,0.0,710521,1000000,920870.4,122274.29410485264,2929405,4564623,3920967.9,626934.2049137931,197586,395788,293150.9,74275.83585453617
"basketball_any","GFS",10,3,3,3.0,0.0,48612,283768,99941.4,91888.22038128717,147570,526044,226244.0,149759.60244538577,7425,37656,13643.9,11999.543353394745
"basketball_any","A* h+",10,3,3,3.0,0.0,178782,187071,182777.4,3183.817400542939,616519,705153,644309.5,30978.457215458617,149751,216009,173360.8,20300.256401336414
"basketball_any","A* hmax",10,4,4,4.0,0.0,732,1274,940.3,193.30186238109553,19022,36449,25633.3,6206.625106287635,5384,10336,7301.6,1691.634310363797
"basketball_any","A* rp",10,3,4,3.6,0.48989794855663565,16539,249823,59841.4,71611.97838518358,394772,3187837,987351.2,784910.2075688404,122301,992877,301953.3,246465.76322079706
"basketball_any","EFS h+",10,3,3,3.0,0.0,29237,336986,92650.7,121944.43828403983,147749,1258393,380277.7,438099.84828622115,42809,425393,120313.1,146004.37006161836
"basketball_any","EFS hmax",10,3,3,3.0,0.0,3178,34593,11659.5,11672.843091980634,44847,356134,143756.5,113640.62996767486,13375,116766,45259.4,36419.943166347744
"basketball_any","EFS rp",8,3,4,3.125,0.33071891388307384,42043,1000000,514941.9,381870.7652021689,238998,5110439,2412952.2,1897032.1897521825,69748,1324582,635411.6,486987.0360523368
"basketball_any","GFS h+",8,3,3,3.0,0.0,12005,1000000,210600.1,394709.98011108104,46297,1718473,383726.2,667387.6951658309,14085,595931,131077.1,231343.17086201184
"basketball_any","GFS hmax",10,3,3,3.0,0.0,1942,72054,11224.8,20710.043451427133,25256,798917,130852.8,228413.1242791447,7891,283834,46133.2,81682.63427779492
"basketball_any","GFS rp",10,3,4,3.1,0.3,3852,292712,79585.0,107041.96951943664,8755,512377,152296.5,169878.37038025176,2897,184572,54605.4,62275.830947808325
"basketball_both","BFS",0,,,,,1000000,1000000,1000000.0,0.0,25011912,25389202,2.51695298E7,135204.63185468165,4358741,4820149,4608572.4,198449.19494782537
"basketball_both","EFS",0,,,,,1000000,1000000,1000000.0,0.0,3928530,4564623,4203977.3,263466.50083418575,270396,402812,319695.3,51987.9764735078
"basketball_both","GFS",0,,,,,1000000,1000000,1000000.0,0.0,1703280,1859439,1785560.7,47775.66173701836,125529,162845,145419.1,13815.118916969192
"basketball_both","A* h+",0,,,,,1000000,1000000,1000000.0,0.0,11320515,11793376,1.16036858E7,139361.29713575428,4415688,4848949,4591015.6,128448.1518942176
"basketball_both","A* hmax",10,7,7,7.0,0.0,46040,50477,47264.5,1649.4666562255813,1002509,1128525,1037753.3,46464.322627258865,292803,391243,332120.8,28868.893057406967
"basketball_both","A* rp",10,7,7,7.0,0.0,254128,630809,501557.8,118539.30565749067,3690937,9970799,7651921.0,1915229.3999468053,1090157,3259500,2412481.1,650223.8223608007
"basketball_both","EFS h+",0,,,,,1000000,1000000,1000000.0,0.0,3490454,3766509,3603932.7,95361.10336824966,1106195,1327699,1250627.1,86315.25012701984
"basketball_both","EFS hmax",0,,,,,1000000,1000000,1000000.0,0.0,12129556,12451743,1.22489935E7,98282.31432078713,3739401,4061555,3927201.4,112357.11528977593
"basketball_both","EFS rp",0,,,,,1000000,1000000,1000000.0,0.0,3516706,5110439,4099262.4,652179.372003163,1078330,1324868,1197385.3,86165.14038409035
"basketball_both","GFS h+",0,,,,,1000000,1000000,1000000.0,0.0,1460921,1718473,1588099.6,85295.72011326243,560252,749110,642566.9,54496.26802717779
"basketball_both","GFS hmax",0,,,,,1000000,1000000,1000000.0,0.0,10969437,11116830,1.10350181E7,47349.99838954591,4067124,4311554,4205790.4,68649.0159655621
"basketball_both","GFS rp",0,,,,,1000000,1000000,1000000.0,0.0,1576521,1729077,1662971.9,44361.262023188654,519342,590282,555988.8,18885.655232477377
"western","BFS",0,,,,,1000000,1000000,1000000.0,0.0,37996112,39351298,3.81501789E7,400721.513541125,10724219,12287725,1.20951514E7,457820.5699000865
"western","EFS",0,,,,,1000000,1000000,1000000.0,0.0,5766686,5785562,5774058.5,6797.260849047945,1918049,2009283,1938050.9,24527.855016083242
"western","GFS",0,,,,,1000000,1000000,1000000.0,0.0,2823864,3518469,3067487.1,250662.54410838886,501250,585320,536191.3,30787.891727268365
"western","A* h+",0,,,,,1000000,1000000,1000000.0,0.0,20350285,20626386,2.045047E7,68717.43072612655,13272226,14378865,1.36576824E7,336406.9135639754
"western","A* hmax",0,,,,,1000000,1000000,1000000.0,0.0,34747172,35316751,3.50287426E7,192518.1849344108,25059906,27408046,2.6163791E7,723360.7645619162
"western","A* rp",0,,,,,1000000,1000000,1000000.0,0.0,18896314,20192886,1.92472979E7,472974.21294240764,12679674,13997460,1.31882145E7,418752.10674150643
"western","EFS h+",0,,,,,1000000,1000000,1000000.0,0.0,5876772,5893787,5890320.2,5338.162076969938,4636143,5001840,4812257.7,128092.51457602822
"western","EFS hmax",0,,,,,1000000,1000000,1000000.0,0.0,26124876,26410764,2.62401991E7,80836.71776791781,19488625,21216777,2.01607801E7,519944.83259350696
"western","EFS rp",1,8,8,8.0,0.0,723499,1000000,972349.9,82950.30000000002,4246950,5887308,5690138.7,482021.4559249515,3118545,5222532,4696488.0,549143.1630227221
"western","GFS h+",0,,,,,1000000,1000000,1000000.0,0.0,1895763,1906739,1900601.6,4265.222789022867,1228114,1416778,1316830.7,62329.76558603441
"western","GFS hmax",0,,,,,1000000,1000000,1000000.0,0.0,21077626,21558827,2.12661936E7,165903.23972255635,14148461,15982359,1.46058591E7,504051.7323790188
"western","GFS rp",0,,,,,1000000,1000000,1000000.0,0.0,1885430,1924277,1903748.9,14208.655280849065,1285879,1506643,1401256.3,82642.42383552167
"fantasy_any","BFS",10,2,2,2.0,0.0,4,4,4.0,0.0,91,91,91.0,0.0,2,11,3.8,2.6381811916545836
"fantasy_any","EFS",10,2,2,2.0,0.0,182,182,182.0,0.0,1378,1378,1378.0,0.0,57,64,59.8,2.2715633383201093
"fantasy_any","GFS",10,2,2,2.0,0.0,41,41,41.0,0.0,589,589,589.0,0.0,18,32,23.6,4.1036569057366385
"fantasy_any","A* h+",10,3,3,3.0,0.0,20,20,20.0,0.0,381,381,381.0,0.0,39,57,52.3,5.040833264451424
"fantasy_any","A* hmax",10,2,2,2.0,0.0,2,2,2.0,0.0,55,55,55.0,0.0,4,9,5.8,1.5362291495737217
"fantasy_any","A* rp",10,2,2,2.0,0.0,4,4,4.0,0.0,91,91,91.0,0.0,9,17,11.8,2.8213471959331766
"fantasy_any","EFS h+",10,3,3,3.0,0.0,284,285,284.1,0.3,1965,1967,1966.8,0.6,214,241,225.6,7.4859869088851605
"fantasy_any","EFS hmax",10,2,2,2.0,0.0,20,20,20.0,0.0,291,291,291.0,0.0,28,38,33.4,2.5768197453450252
"fantasy_any","EFS rp",10,2,2,2.0,0.0,180,180,180.0,0.0,1361,1361,1361.0,0.0,145,173,157.7,8.978307190111064
"fantasy_any","GFS h+",10,3,3,3.0,0.0,7,7,7.0,0.0,115,115,115.0,0.0,12,25,14.8,4.1424630354415966
"fantasy_any","GFS hmax",10,2,2,2.0,0.0,3,3,3.0,0.0,43,43,43.0,0.0,4,10,5.4,1.7435595774162693
"fantasy_any","GFS rp",10,2,2,2.0,0.0,5,5,5.0,0.0,71,71,71.0,0.0,9,18,13.3,3.0675723300355933
"fantasy_two","BFS",10,5,5,5.0,0.0,7469,7469,7469.0,0.0,116113,116141,116115.8,8.399999999999999,7601,7871,7749.6,65.51976800935729
"fantasy_two","EFS",10,5,5,5.0,0.0,31169,31341,31186.2,51.6,227538,228046,227588.8,152.4,17882,18048,17989.2,52.823858246061505
"fantasy_two","GFS",10,5,5,5.0,0.0,73773,73851,73780.8,23.400000000000002,1054033,1054073,1054069.0,12.0,75854,77196,76436.9,461.9156741224528
"fantasy_two","A* h+",10,6,6,6.0,0.0,796,796,796.0,0.0,13019,13020,13019.9,0.3,2074,2221,2128.0,39.565136168096274
"fantasy_two","A* hmax",10,5,5,5.0,0.0,1059,1059,1059.0,0.0,16720,16720,16720.0,0.0,2562,2719,2644.0,55.87128063683524
"fantasy_two","A* rp",10,5,5,5.0,0.0,2463,2534,2505.0,24.68197723035981,37758,38620,38145.4,287.2797243106446,6934,7509,7119.9,182.12273334210641
"fantasy_two","EFS h+",10,6,6,6.0,0.0,4156,4156,4156.0,0.0,29744,29749,29748.5,1.5,4550,5012,4863.5,141.3500972762311
"fantasy_two","EFS hmax",10,5,5,5.0,0.0,1970,1970,1970.0,0.0,28230,28230,28230.0,0.0,4659,4821,4755.4,50.47415180069894
"fantasy_two","EFS rp",10,5,5,5.0,0.0,14184,14439,14341.2,58.95388027941842,94185,95575,95083.2,328.07249198919436,17041,17619,17394.1,177.22327725217139
"fantasy_two","GFS h+",10,6,6,6.0,0.0,1313,1313,1313.0,0.0,18745,18745,18745.0,0.0,3496,3607,3530.3,39.438686590706844
"fantasy_two","GFS hmax",10,5,5,5.0,0.0,892,892,892.0,0.0,13030,13030,13030.0,0.0,2276,2359,2316.4,22.303362975121036
"fantasy_two","GFS rp",10,5,5,5.0,0.0,2132,2143,2139.2,2.8565713714171395,29174,29324,29268.1,38.10629869194856,5758,6396,6226.1,189.24875164713768
"fantasy_all","BFS",0,,,,,1000000,1000000,1000000.0,0.0,15014636,15014999,1.50147155E7,99.83511406313913,2104520,2131835,2121554.4,7701.560480837634
"fantasy_all","EFS",0,,,,,1000000,1000000,1000000.0,0.0,9285312,9299892,9287309.4,4270.582447395203,1316577,1374860,1358022.8,20510.146600158667
"fantasy_all","GFS",0,,,,,1000000,1000000,1000000.0,0.0,14240673,14245938,1.42442625E7,1471.4133511695482,1219644,1238810,1225723.8,5682.46312438541
"fantasy_all","A* h+",0,,,,,1000000,1000000,1000000.0,0.0,15093758,15094232,1.50938957E7,168.94262339622878,5480004,5622849,5536321.9,46651.836140606516
"fantasy_all","A* hmax",0,,,,,1000000,1000000,1000000.0,0.0,15504195,15504283,1.55042742E7,26.399999999999995,3488812,3808508,3645062.4,121988.06025689564
"fantasy_all","A* rp",0,,,,,1000000,1000000,1000000.0,0.0,15309696,15356048,1.53354399E7,18731.681395165786,4752274,4976444,4865970.2,70546.01802483255
"fantasy_all","EFS h+",0,,,,,1000000,1000000,1000000.0,0.0,9927010,9927863,9927589.7,379.59769493504564,4229593,4288536,4261753.9,20101.615743268
"fantasy_all","EFS hmax",10,9,9,9.0,0.0,690346,690356,690349.1,3.8845849199110063,10035292,10035400,1.00353139E7,33.12838661933298,2627861,2724869,2678168.8,25860.433185853635
"fantasy_all","EFS rp",0,,,,,1000000,1000000,1000000.0,0.0,9457790,9744741,9493991.8,83791.39490520491,2919909,3171155,3012512.1,65439.08209693959
"fantasy_all","GFS h+",0,,,,,1000000,1000000,1000000.0,0.0,14508306,14509018,1.45088434E7,195.00984590527733,3536134,3647291,3576703.8,33578.36079024704
"fantasy_all","GFS hmax",0,,,,,1000000,1000000,1000000.0,0.0,14965783,14965796,1.49657861E7,3.5623026261113755,3114398,3385154,3274667.4,113849.08516997402
"fantasy_all","GFS rp",0,,,,,1000000,1000000,1000000.0,0.0,14490127,14533383,1.45133643E7,17359.566602020914,3327112,3485938,3416034.1,43688.821926094555
"space_any","BFS",10,2,2,2.0,0.0,4,4,4.0,0.0,34,34,34.0,0.0,0,1,0.6,0.48989794855663565
"space_any","EFS",10,2,2,2.0,0.0,13,14,13.3,0.45825756949558405,79,79,79.0,0.0,1,9,2.0,2.3664319132398464
"space_any","GFS",10,2,2,2.0,0.0,4,4,4.0,0.0,25,25,25.0,0.0,0,1,0.4,0.4898979485566356
"space_any","A* h+",10,2,2,2.0,0.0,2,2,2.0,0.0,16,16,16.0,0.0,0,6,1.3,1.6155494421403513
"space_any","A* hmax",10,2,2,2.0,0.0,2,2,2.0,0.0,16,16,16.0,0.0,0,1,0.7,0.45825756949558405
"space_any","A* rp",10,2,3,2.3,0.45825756949558405,13,26,21.5,5.6258332716140815,82,329,245.9,108.01430460823234,4,24,12.6,6.421837743200929
"space_any","EFS h+",10,2,2,2.0,0.0,7,7,7.0,0.0,47,47,47.0,0.0,1,4,2.0,0.7745966692414834
"space_any","EFS hmax",10,2,2,2.0,0.0,5,5,5.0,0.0,42,42,42.0,0.0,1,8,2.1,2.0223748416156684
"space_any","EFS rp",10,2,3,2.3,0.45825756949558405,7,13,8.8,2.7495454169735045,47,84,58.1,16.955530071336607,2,8,3.2,1.8330302779823362
"space_any","GFS h+",10,2,2,2.0,0.0,2,2,2.0,0.0,12,12,12.0,0.0,0,1,0.7,0.45825756949558405
"space_any","GFS hmax",10,2,2,2.0,0.0,2,2,2.0,0.0,12,12,12.0,0.0,1,7,1.6,1.8
"space_any","GFS rp",10,2,3,2.3,0.45825756949558405,6,21,16.5,6.87386354243376,54,113,95.3,27.037196600239454,3,8,5.1,1.2206555615733703
"space_two","BFS",10,3,3,3.0,0.0,17,18,17.3,0.45825756949558405,213,214,213.3,0.45825756949558394,4,10,5.3,1.7349351572897473
"space_two","EFS",10,3,3,3.0,0.0,14,15,14.3,0.45825756949558405,92,92,92.0,0.0,2,2,2.0,0.0
"space_two","GFS",10,3,3,3.0,0.0,14,15,14.5,0.5,94,94,94.0,0.0,1,12,2.8,3.0919249667480613
"space_two","A* h+",10,3,3,3.0,0.0,27,27,27.0,0.0,282,282,282.0,0.0,14,22,17.2,3.0594117081556713
"space_two","A* hmax",10,3,3,3.0,0.0,27,27,27.0,0.0,281,281,281.0,0.0,14,20,17.1,1.9209372712298547
"space_two","A* rp",10,3,3,3.0,0.0,13,30,24.3,7.443789357578572,82,351,261.3,118.03478300907746,4,25,13.4,6.829348431585549
"space_two","EFS h+",10,3,3,3.0,0.0,8,8,8.0,0.0,56,56,56.0,0.0,1,3,1.9,0.5385164807134505
"space_two","EFS hmax",10,3,3,3.0,0.0,6,6,6.0,0.0,51,51,51.0,0.0,1,12,2.8,3.0919249667480613
"space_two","EFS rp",10,3,3,3.0,0.0,8,13,9.5,2.29128784747792,56,84,64.4,12.831211945876353,2,9,4.2,2.227105745132009
"space_two","GFS h+",10,3,3,3.0,0.0,7,7,7.0,0.0,50,50,50.0,0.0,1,8,2.2,1.9899748742132397
"space_two","GFS hmax",10,3,3,3.0,0.0,7,7,7.0,0.0,50,50,50.0,0.0,1,2,1.6,0.48989794855663565
"space_two","GFS rp",10,3,3,3.0,0.0,6,25,19.3,8.706893820416097,54,135,110.7,37.118863129142305,3,14,6.8,3.5156791662493894
"space_three","BFS",10,3,3,3.0,0.0,17,18,17.3,0.45825756949558405,213,214,213.3,0.45825756949558394,4,8,5.5,1.284523257866513
"space_three","EFS",10,3,3,3.0,0.0,14,15,14.3,0.45825756949558405,92,92,92.0,0.0,2,14,3.6,3.6660605559646724
"space_three","GFS",10,3,3,3.0,0.0,34,47,38.3,5.348831648126533,197,244,215.5,17.528548142958105,4,18,6.1,4.060788100849391
"space_three","A* h+",10,3,3,3.0,0.0,27,27,27.0,0.0,282,282,282.0,0.0,15,21,18.9,2.0223748416156684
"space_three","A* hmax",10,3,3,3.0,0.0,27,27,27.0,0.0,281,281,281.0,0.0,15,20,18.3,1.7349351572897471
"space_three","A* rp",10,3,3,3.0,0.0,13,112,80.2,44.08809363082055,82,1765,1224.4,749.4975917239493,3,101,66.9,41.42571665040932
"space_three","EFS h+",10,3,3,3.0,0.0,21,21,21.0,0.0,132,132,132.0,0.0,5,15,6.9,3.047950130825634
"space_three","EFS hmax",10,3,3,3.0,0.0,14,14,14.0,0.0,120,120,120.0,0.0,5,13,6.7,2.968164415931166
"space_three","EFS rp",10,3,3,3.0,0.0,13,16,15.1,1.3747727084867523,84,170,144.2,39.41015097662023,4,13,7.5,3.170173496829472
"space_three","GFS h+",10,3,3,3.0,0.0,27,27,27.0,0.0,135,135,135.0,0.0,5,13,7.3,3.0016662039607267
"space_three","GFS hmax",10,3,3,3.0,0.0,19,19,19.0,0.0,132,132,132.0,0.0,5,14,7.1,3.2388269481403293
"space_three","GFS rp",10,3,4,3.7,0.45825756949558405,6,90,64.3,38.16818046488462,54,788,555.8,328.6304307272837,3,53,32.5,18.342573429047516
"space_four","BFS",10,5,5,5.0,0.0,113,131,119.8,6.734983296193095,1527,1758,1611.9,86.75534565662221,39,53,45.4,4.862098312457287
"space_four","EFS",10,5,5,5.0,0.0,506,509,506.9,1.374772708486752,2990,3000,2993.0,4.58257569495584,73,89,82.8,3.8418745424597085
"space_four","GFS",10,5,5,5.0,0.0,125,154,136.7,10.621205204683696,910,1106,981.8,68.45407219442828,24,34,28.2,3.026549190084311
"space_four","A* h+",10,5,5,5.0,0.0,49,51,49.6,0.9165151389911681,442,460,447.4,8.248636250920512,25,42,30.9,5.48543526076099
"space_four","A* hmax",10,5,5,5.0,0.0,49,51,49.6,0.9165151389911681,438,456,443.4,8.248636250920512,30,40,33.8,2.993325909419153
"space_four","A* rp",10,6,6,6.0,0.0,3770,4397,3994.9,192.94012024459818,32415,39687,34887.2,2602.7814660474287,2243,2610,2380.0,142.49070145100697
"space_four","EFS h+",10,5,5,5.0,0.0,209,214,210.5,2.29128784747792,1080,1120,1092.0,18.33030277982336,46,58,53.0,3.8987177379235853
"space_four","EFS hmax",10,5,5,5.0,0.0,95,100,96.5,2.29128784747792,884,924,896.0,18.33030277982336,42,52,46.7,3.769615364994153
"space_four","EFS rp",10,6,6,6.0,0.0,1024,1026,1024.6,0.9165151389911681,5727,5738,5730.3,4.2673176586703745,315,347,327.2,9.897474425326896
"space_four","GFS h+",10,5,5,5.0,0.0,52,54,52.6,0.9165151389911681,304,322,309.4,8.248636250920512,16,24,20.7,2.72213151776324
"space_four","GFS hmax",10,5,5,5.0,0.0,42,44,42.6,0.9165151389911681,300,318,305.4,8.248636250920512,16,27,19.5,3.8535697735995385
"space_four","GFS rp",10,6,6,6.0,0.0,1137,1383,1298.7,74.65795336064336,9674,10758,10402.7,289.99863792783583,732,1071,805.4,92.10993431764024
"space_all","BFS",10,6,6,6.0,0.0,857,890,866.9,14.909393012460301,12764,13262,12913.4,228.2122696088008,387,431,406.9,14.117011015083893
"space_all","EFS",10,6,6,6.0,0.0,1374,1383,1376.7,3.6619666847201113,7853,8067,7917.2,95.96436838743847,257,287,272.6,8.912911982062877
"space_all","GFS",10,6,6,6.0,0.0,1132,1234,1163.8,42.83176391417939,8522,9112,8703.2,256.57193922952683,261,307,285.4,13.162066707018317
"space_all","A* h+",10,6,6,6.0,0.0,934,936,934.6,0.9165151389911679,9491,9501,9494.0,4.58257569495584,539,560,548.8,6.823488843692792
"space_all","A* hmax",10,6,6,6.0,0.0,916,918,916.6,0.9165151389911679,9290,9300,9293.0,4.58257569495584,527,558,546.9,10.473299384625648
"space_all","A* rp",10,6,6,6.0,0.0,3770,4397,3994.9,192.94012024459818,32415,39687,34887.2,2602.7814660474287,2257,2677,2397.2,139.7159976523805
"space_all","EFS h+",10,6,6,6.0,0.0,1152,1154,1152.6,0.9165151389911681,6454,6464,6457.0,4.58257569495584,350,371,357.6,5.851495535331117
"space_all","EFS hmax",10,6,6,6.0,0.0,761,763,761.6,0.9165151389911679,5677,5687,5680.0,4.58257569495584,304,332,322.3,8.234682750416074
"space_all","EFS rp",10,6,6,6.0,0.0,1024,1026,1024.6,0.9165151389911681,5727,5738,5730.3,4.2673176586703745,310,330,321.3,5.478138369920935
"space_all","GFS h+",10,6,6,6.0,0.0,1384,1388,1385.2,1.8330302779823358,7979,8001,7985.6,10.081666528902849,433,460,442.7,7.563729238940273
"space_all","GFS hmax",10,6,6,6.0,0.0,1048,1052,1049.2,1.8330302779823358,7879,7901,7885.6,10.081666528902849,422,448,438.9,7.595393340703296
"space_all","GFS rp",10,6,6,6.0,0.0,1137,1383,1298.7,74.65795336064336,9674,10758,10402.7,289.99863792783583,708,804,770.6,27.188968351153008
"raiders","BFS",10,6,6,6.0,0.0,692,996,790.2,111.68330224344193,5107,8688,6242.9,1315.9070977846422,135,247,172.4,41.605768830776334
"raiders","EFS",10,6,6,6.0,0.0,320,322,320.4,0.8,2315,2341,2320.2,10.4,78,83,79.9,1.445683229480096
"raiders","GFS",10,6,6,6.0,0.0,993,2097,1414.8,356.4426461578356,5632,11048,7390.3,1904.589197176126,159,313,209.5,54.35853198900794
"raiders","A* h+",10,6,6,6.0,0.0,388,406,397.6,6.1351446600711865,3468,3658,3564.5,64.44881690147616,184,208,195.2,5.8275209137333865
"raiders","A* hmax",10,6,6,6.0,0.0,180,192,185.9,3.7802116342871597,1956,2040,1994.1,25.216859439668532,102,119,107.6,4.4766058571198775
"raiders","A* rp",10,6,6,6.0,0.0,409,679,492.5,86.50231210782749,3117,6068,3948.9,947.965447682562,194,396,243.5,68.90319295939776
"raiders","EFS h+",10,6,6,6.0,0.0,88,88,88.0,0.0,675,675,675.0,0.0,31,44,37.2,5.30659966456864
"raiders","EFS hmax",10,6,6,6.0,0.0,48,48,48.0,0.0,455,455,455.0,0.0,19,34,24.1,5.281098370604357
"raiders","EFS rp",10,6,6,6.0,0.0,90,112,96.6,10.081666528902849,675,919,748.2,111.8148469569225,31,62,44.9,10.47329938462565
"raiders","GFS h+",10,6,6,6.0,0.0,4124,4571,4373.6,185.06117907329997,9104,9961,9585.1,348.17623411140517,625,683,653.8,24.67711490429949
"raiders","GFS hmax",10,6,6,6.0,0.0,972,1224,1045.7,87.00350567649558,5249,6517,5658.5,446.5653927478035,353,447,382.3,29.411052344314374
"raiders","GFS rp",10,6,6,6.0,0.0,539,2147,1704.3,539.0530678884965,2449,5517,4600.2,1029.3217961356886,164,396,329.4,80.77771970042234
"treasure","BFS",10,4,4,4.0,0.0,50,50,50.0,0.0,137,137,137.0,0.0,0,6,0.9,1.7578395831246945
"treasure","EFS",10,4,4,4.0,0.0,74,74,74.0,0.0,169,169,169.0,0.0,1,1,1.0,0.0
"treasure","GFS",10,4,4,4.0,0.0,44,44,44.0,0.0,100,102,101.2,0.9797958971132712,0,1,0.5,0.5
"treasure","A* h+",10,4,4,4.0,0.0,58,58,58.0,0.0,97,97,97.0,0.0,1,1,1.0,0.0
"treasure","A* hmax",10,4,4,4.0,0.0,35,35,35.0,0.0,80,80,80.0,0.0,0,1,0.8,0.4000000000000001
"treasure","A* rp",10,4,4,4.0,0.0,47,47,47.0,0.0,97,97,97.0,0.0,1,4,1.3,0.9000000000000001
"treasure","EFS h+",10,4,4,4.0,0.0,60,60,60.0,0.0,133,133,133.0,0.0,0,2,1.0,0.4472135954999579
"treasure","EFS hmax",10,4,4,4.0,0.0,22,22,22.0,0.0,78,78,78.0,0.0,0,1,0.6,0.48989794855663565
"treasure","EFS rp",10,4,4,4.0,0.0,61,61,61.0,0.0,133,133,133.0,0.0,1,15,2.8,4.093897898091744
"treasure","GFS h+",10,4,4,4.0,0.0,29,29,29.0,0.0,81,81,81.0,0.0,0,1,0.5,0.5
"treasure","GFS hmax",10,4,4,4.0,0.0,24,24,24.0,0.0,77,77,77.0,0.0,0,1,0.7,0.45825756949558405
"treasure","GFS rp",10,4,4,4.0,0.0,31,31,31.0,0.0,87,87,87.0,0.0,1,1,1.0,0.0
"gramma_any","BFS",10,3,3,3.0,0.0,2166,2168,2167.0,0.6324555320336759,33633,33653,33642.8,6.368673331236263,2643,2689,2662.4,13.77824371971987
"gramma_any","EFS",10,3,3,3.0,0.0,45682,45979,45809.2,105.3753291809805,174453,175886,175255.9,508.6825041221685,23871,24482,24180.5,177.21639314690952
"gramma_any","GFS",10,3,3,3.0,0.0,64376,64376,64376.0,0.0,106634,106634,106634.0,0.0,9861,14959,11471.7,1994.0521582947624
"gramma_any","A* h+",10,3,3,3.0,0.0,3450,3454,3452.2,1.4696938456699071,52803,52816,52808.2,6.368673331236263,23409,37290,31680.3,4384.984242845121
"gramma_any","A* hmax",10,3,3,3.0,0.0,3406,3410,3408.2,1.4696938456699071,50037,50132,50091.7,25.900000000000002,31406,36002,33576.8,1324.9427006478431
"gramma_any","A* rp",10,5,5,5.0,0.0,2957,3373,3192.1,163.65784429717996,45569,51182,48746.1,2140.0852997018596,27903,40995,35473.2,4938.119698832745
"gramma_any","EFS h+",10,3,3,3.0,0.0,8630,8672,8651.8,14.925146565444509,47622,47811,47716.5,64.8525250086687,42439,43854,43076.7,507.18222563492895
"gramma_any","EFS hmax",10,3,3,3.0,0.0,1618,1845,1806.7,64.64835651429972,22730,26140,25608.1,972.4849047671639,19604,23248,22477.6,1009.6481763465924
"gramma_any","EFS rp",10,3,3,3.0,0.0,8229,8700,8379.3,132.74942561081008,45652,47467,46313.4,517.9984942063056,26473,46498,37053.2,7233.903535436452
"gramma_any","GFS h+",10,3,3,3.0,0.0,23965,23967,23965.6,0.8,43474,43489,43479.4,6.681317235396026,32127,32980,32624.4,283.01773796000845
"gramma_any","GFS hmax",10,3,3,3.0,0.0,2862,2864,2862.6,0.8,24212,24246,24223.0,14.085453489327207,17875,19079,18640.5,339.4378440893119
"gramma_any","GFS rp",10,3,3,3.0,0.0,3477,3490,3482.4,5.851495535331118,6488,6522,6504.0,14.184498581197715,2737,3963,3590.1,389.38296059278196
"gramma_win","BFS",10,5,5,5.0,0.0,11259,11579,11429.2,129.77195382670325,188694,193547,191171.2,1951.2507168480424,19779,21192,20637.7,464.3225279910506
"gramma_win","EFS",10,5,5,5.0,0.0,399815,485200,442275.5,40182.659939954196,1585883,1916248,1749707.5,154801.92199856564,277783,354617,314697.4,35917.52426100663
"gramma_win","GFS",0,,,,,1000000,1000000,1000000.0,0.0,1597394,1611960,1605795.4,5933.155319052418,240055,253826,244118.3,4533.324278054682
"gramma_win","A* h+",10,5,5,5.0,0.0,35005,35033,35017.9,6.920260110718383,487400,487906,487553.1,172.01595856198927,216476,413575,345274.2,80194.65669831127
"gramma_win","A* hmax",10,5,5,5.0,0.0,18292,18910,18617.3,250.281062008295,280659,288971,284882.6,3344.555342642726,232854,245742,238738.5,3445.1361729255345
"gramma_win","A* rp",10,5,5,5.0,0.0,2957,3373,3192.1,163.65784429717996,45569,51182,48746.1,2140.0852997018596,38253,43245,40861.3,1774.6960894756037
"gramma_win","EFS h+",10,5,5,5.0,0.0,127145,155167,141032.7,12756.77876307338,592087,719699,655226.1,58764.45255160641,640038,739231,682824.4,38506.99454436817
"gramma_win","EFS hmax",10,5,5,5.0,0.0,21905,27118,24203.0,2310.7678810300267,292880,364465,324331.7,31581.864565126616,294117,382302,330976.0,35271.76329020141
"gramma_win","EFS rp",10,5,5,5.0,0.0,111959,140421,126225.2,13353.888540795899,522473,652622,587685.3,61623.766433170895,471035,575042,522057.5,35660.01756098839
"gramma_win","GFS h+",0,,,,,1000000,1000000,1000000.0,0.0,1734811,1734909,1734865.8,31.53030288468539,967703,1591938,1357953.5,266464.69245783763
"gramma_win","GFS hmax",10,5,5,5.0,0.0,490575,494833,493094.1,1751.9763383105378,3964173,4005329,3988081.4,17179.492694488974,3252236,3545651,3392781.1,109214.27566801879
"gramma_win","GFS rp",10,5,5,5.0,0.0,411797,448607,433863.8,17989.94416222574,730928,799755,772365.5,33170.717213379634,448210,676232,561825.8,87081.03901286433
"jailbreak_lose","BFS",10,4,4,4.0,0.0,636,644,640.8,3.919183588453085,12516,12678,12613.2,79.36346766617497,179,208,199.0,7.974960814950754
"jailbreak_lose","EFS",10,4,4,4.0,0.0,667647,736755,708659.3,32783.19524100724,1699058,1896811,1812288.8,84609.29731867532,34407,38640,36706.3,1679.8341614576123
"jailbreak_lose","GFS",0,,,,,1000000,1000000,1000000.0,0.0,1217711,1304115,1255573.3,28515.14713989742,26468,28593,27342.2,518.3000675284541
"jailbreak_lose","A* h+",10,4,4,4.0,0.0,472,472,472.0,0.0,10226,10226,10226.0,0.0,624,653,638.6,8.845337754998392
"jailbreak_lose","A* hmax",10,4,4,4.0,0.0,482,482,482.0,0.0,10486,10486,10486.0,0.0,668,691,679.3,7.1700767080973415
"jailbreak_lose","A* rp",10,4,4,4.0,0.0,1042,1043,1042.1,0.3,11776,11803,11778.7,8.1,1304,1367,1332.4,16.889049706836673
"jailbreak_lose","EFS h+",10,4,4,4.0,0.0,79592,79592,79592.0,0.0,173701,173701,173701.0,0.0,14849,15771,15422.7,236.4931500065065
"jailbreak_lose","EFS hmax",10,4,4,4.0,0.0,2741,2741,2741.0,0.0,30514,30514,30514.0,0.0,2540,2634,2591.9,25.32370431038872
"jailbreak_lose","EFS rp",10,4,4,4.0,0.0,79597,96513,81300.3,5070.915717106724,173759,212101,177705.0,11465.879024305113,19446,25624,20412.9,1775.3042809614356
"jailbreak_lose","GFS h+",10,4,4,4.0,0.0,465371,465371,465371.0,0.0,550734,550734,550734.0,0.0,47932,50420,49360.5,761.2201061453908
"jailbreak_lose","GFS hmax",10,4,4,4.0,0.0,5737,5737,5737.0,0.0,61295,61295,61295.0,0.0,5176,5451,5346.3,83.53089248894686
"jailbreak_lose","GFS rp",10,4,4,4.0,0.0,427,428,427.1,0.3,5118,5132,5119.4,4.2,409,428,418.9,5.752390807307862
"jailbreak_escape","BFS",10,6,6,6.0,0.0,905715,940004,918236.7,13537.624666461985,12743052,13421090,1.29886098E7,266576.68772448954,248120,327382,287367.0,30772.17109987529
"jailbreak_escape","EFS",0,,,,,1000000,1000000,1000000.0,0.0,2628098,2654652,2635965.8,9437.838500419468,40961,62232,47390.0,9477.907342868466
"jailbreak_escape","GFS",0,,,,,1000000,1000000,1000000.0,0.0,1217711,1304115,1255573.3,28515.14713989742,21028,32258,25398.6,5087.385501414258
"jailbreak_escape","A* h+",10,6,6,6.0,0.0,199071,199535,199244.2,186.03268530019128,3231432,3236446,3233252.9,1985.7797183977884,225842,263803,245061.9,15388.47877114564
"jailbreak_escape","A* hmax",10,6,6,6.0,0.0,200673,201137,200846.2,186.03268530019128,2313148,2316466,2314368.4,1321.313528274043,178586,182348,180241.4,1093.5844000350407
"jailbreak_escape","A* rp",10,7,7,7.0,0.0,151368,167041,154983.5,6011.721820743205,2165257,2387824,2215574.1,85974.42106400018,209338,253333,226315.5,12010.675453528831
"jailbreak_escape","EFS h+",0,,,,,1000000,1000000,1000000.0,0.0,2118630,2119032,2118839.0,124.81666555392353,190688,200193,196785.8,3010.791882545189
"jailbreak_escape","EFS hmax",10,6,6,6.0,0.0,101473,104603,102819.7,1093.4032238840346,1061060,1092766,1074562.7,10998.050409504403,93873,99120,96425.4,1460.3729797555145
"jailbreak_escape","EFS rp",0,,,,,1000000,1000000,1000000.0,0.0,2112250,2155522,2131011.9,11461.78240458263,243790,267788,255340.4,8477.86303498706
"jailbreak_escape","GFS h+",0,,,,,1000000,1000000,1000000.0,0.0,1250138,1276611,1263283.1,13078.569420620895,111826,121946,115862.9,2840.987379415825
"jailbreak_escape","GFS hmax",0,,,,,1000000,1000000,1000000.0,0.0,10470568,10486155,1.04806772E7,6102.887608337549,971291,992472,981478.3,6574.850204377283
"jailbreak_escape","GFS rp",0,,,,,1000000,1000000,1000000.0,0.0,1230612,1253213,1244887.3,9079.51248746319,138733,145717,142544.9,2025.278916593959
"jailbreak_revenge","BFS",0,,,,,1000000,1000000,1000000.0,0.0,14598080,14615930,1.46020988E7,6924.777711955814,318506,323400,320588.0,1531.9288495227186
"jailbreak_revenge","EFS",0,,,,,1000000,1000000,1000000.0,0.0,2628098,2654652,2635965.8,9437.838500419468,51278,56884,53076.5,2240.5848455258283
"jailbreak_revenge","GFS",0,,,,,1000000,1000000,1000000.0,0.0,1217711,1304115,1255573.3,28515.14713989742,25730,27157,26536.9,392.4264134841079
"jailbreak_revenge","A* h+",0,,,,,1000000,1000000,1000000.0,0.0,8421624,8422355,8421833.8,285.8988632366348,700929,721107,711597.0,5256.407575521518
"jailbreak_revenge","A* hmax",0,,,,,1000000,1000000,1000000.0,0.0,9679822,9685645,9682012.9,2413.0023808525348,818727,850355,835851.4,8886.124253013795
"jailbreak_revenge","A* rp",0,,,,,1000000,1000000,1000000.0,0.0,4359140,4636527,4442202.7,79792.57536769946,550997,585424,565221.6,11640.16981147612
"jailbreak_revenge","EFS h+",0,,,,,1000000,1000000,1000000.0,0.0,2118630,2119032,2118839.0,124.81666555392353,190046,200658,194306.5,2784.1656290529845
"jailbreak_revenge","EFS hmax",10,7,7,7.0,0.0,202696,208797,204669.1,2172.335031711269,2081960,2145653,2103514.7,22338.865445899435,187134,194865,189868.3,2352.3032138735853
"jailbreak_revenge","EFS rp",0,,,,,1000000,1000000,1000000.0,0.0,2112250,2155522,2131011.9,11461.78240458263,249859,262941,256791.8,4907.312356066201
"jailbreak_revenge","GFS h+",0,,,,,1000000,1000000,1000000.0,0.0,1250138,1276611,1263283.1,13078.569420620895,112274,120049,116788.6,1997.6299557225307
"jailbreak_revenge","GFS hmax",0,,,,,1000000,1000000,1000000.0,0.0,10470568,10486155,1.04806772E7,6102.887608337549,955018,978435,967281.6,8195.758173591996
"jailbreak_revenge","GFS rp",0,,,,,1000000,1000000,1000000.0,0.0,1230612,1253213,1244887.3,9079.51248746319,135011,146049,140957.7,2744.0110805169866
"lovers","BFS",10,5,5,5.0,0.0,4661,13542,6524.8,2691.194745833159,90217,324279,138232.1,70057.68030908532,4510,18889,7355.1,4255.784615085684
"lovers","EFS",8,5,5,5.0,0.0,897670,1000000,920216.7,39927.97631999398,3956882,4368472,4049120.3,159042.8047740922,405986,462036,418956.8,20902.76061098151
"lovers","GFS",0,,,,,1000000,1000000,1000000.0,0.0,1805643,2059626,1984424.3,89292.06000093179,158563,208407,192851.0,15657.863685701188
"lovers","A* h+",0,,,,,1000000,1000000,1000000.0,0.0,21985675,24969498,2.30268438E7,1228682.2750078882,6539558,8424819,7201752.5,761428.0599456852
"lovers","A* hmax",10,5,5,5.0,0.0,16274,18921,17243.4,1117.4562362795243,415817,438088,425347.2,8550.839406748322,127356,147197,138398.8,6717.564659904659
"lovers","A* rp",10,5,5,5.0,0.0,27097,435154,68601.1,122185.51023705717,577312,8024275,1339754.0,2228210.231337474,179268,2519108,427185.2,697365.7886555376
"lovers","EFS h+",3,5,5,5.0,0.0,935438,1000000,984741.5,25543.79389695274,4566083,4829703,4759405.7,102555.2805388879,1049232,1257640,1142306.6,69703.46273780092
"lovers","EFS hmax",10,5,5,5.0,0.0,7565,7771,7717.1,72.08668392983547,134179,136393,135700.9,734.3917823614314,32223,33551,32880.1,379.5675038777688
"lovers","EFS rp",10,5,5,5.0,0.0,154615,654552,237363.8,140220.061906847,613272,3021388,991754.6,680751.2839957336,146564,755063,242617.7,171788.08363332425
"lovers","GFS h+",0,,,,,1000000,1000000,1000000.0,0.0,1505180,1576596,1554930.9,28704.797886241944,450564,581511,509209.2,47151.132344409285
"lovers","GFS hmax",0,,,,,1000000,1000000,1000000.0,0.0,15602465,15923355,1.58289267E7,102868.16235070013,4365273,4674714,4558100.3,99594.08458643516
"lovers","GFS rp",0,,,,,1000000,1000000,1000000.0,0.0,1559923,2016023,1713481.3,165642.15664802847,418241,617209,501742.3,65721.9752671053