"Problem","Planner","Successes","Min Plan Length","Max Plan Length","Avg. Plan Length","Plan Length Std.","Min Nodes Visited","Max Nodes Visited","Avg. Nodes Visited","Nodes Visited Std.","Min Nodes Generated","Max Nodes Generated","Avg. Nodes Generated","Nodes Generated Std.","Min Time (ms)","Max Time (ms)","Avg. Time (ms)","Time Std. (ms)"
"bribery","BFS",10,2,2,2.0,0.0,8,10,9.2,0.7483314773547883,145,177,164.2,11.973303637676613,1,5,3.5,1.5652475842498528
"bribery","EFS",10,2,2,2.0,0.0,23649,23675,23659.3,12.215154522149934,32639,32720,32671.1,38.11417059310094,307,376,340.7,20.669059001318857
"bribery","GFS",10,2,2,2.0,0.0,79,100,90.9,7.569015788066505,868,1098,999.0,83.12039460926542,0,11,1.3,3.257299494980466
"bribery","A* h+",10,2,2,2.0,0.0,2,2,2.0,0.0,37,37,37.0,0.0,0,1,0.1,0.30000000000000004
"bribery","A* rp",10,2,2,2.0,0.0,2,2,2.0,0.0,37,37,37.0,0.0,0,1,0.1,0.30000000000000004
"bribery","EFS h+",10,2,2,2.0,0.0,5743,5744,5743.3,0.45825756949558405,15047,15050,15047.9,1.374772708486752,219,279,245.2,15.753094934012173
"bribery","EFS rp",10,2,2,2.0,0.0,5743,5744,5743.3,0.45825756949558405,15047,15050,15047.9,1.374772708486752,235,298,274.8,15.942396306703706
"bribery","GFS h+",10,2,2,2.0,0.0,3,3,3.0,0.0,32,32,32.0,0.0,0,1,0.1,0.30000000000000004
"bribery","GFS rp",10,2,2,2.0,0.0,3,3,3.0,0.0,32,32,32.0,0.0,0,5,0.7,1.4866068747318502
"deerhunter_any","BFS",10,6,6,6.0,0.0,142753,142929,142841.0,88.0,190887,191453,191170.0,283.0,9122,9550,9338.0,130.01076878474336
"deerhunter_any","EFS",10,6,6,6.0,0.0,17342,17533,17437.5,95.5,21636,21675,21655.5,19.5,891,953,926.0,19.467922333931785
"deerhunter_any","GFS",10,6,6,6.0,0.0,61186,61249,61217.5,31.5,512193,512872,512532.5,339.5,9596,10114,9861.6,146.95318982587617
"deerhunter_any","A* h+",10,6,6,6.0,0.0,124469,124469,124469.0,0.0,422327,422327,422327.0,0.0,41824,42807,42334.9,275.95378236219193
"deerhunter_any","A* rp",10,6,6,6.0,0.0,4446,69055,28180.7,29028.183711868714,23011,208087,91041.4,83106.99775975547,1875,20425,8587.7,8117.879465106636
"deerhunter_any","EFS h+",10,6,6,6.0,0.0,65,65,65.0,0.0,485,485,485.0,0.0,15,47,27.9,9.470480452437458
"deerhunter_any","EFS rp",10,6,6,6.0,0.0,103,157,131.4,21.275337835155522,748,1037,883.1,101.04004156768741,47,78,56.5,10.404326023342406
"deerhunter_any","GFS h+",10,6,6,6.0,0.0,89805,89805,89805.0,0.0,182806,182806,182806.0,0.0,18145,18534,18385.4,127.43876961113523
"deerhunter_any","GFS rp",10,6,6,6.0,0.0,9454,28762,17177.2,9458.94959073152,17221,67134,37186.2,24452.276306307354,1594,6439,3602.3,2288.341890976958
"deerhunter_both","BFS",0,,,,,1000000,1000000,1000000.0,0.0,753787,760363,757075.0,3288.0,60973,63193,62168.8,650.229620980158
"deerhunter_both","EFS",0,,,,,1000000,1000000,1000000.0,0.0,570750,575357,573053.5,2303.5,82886,100188,94128.6,5599.0382959933395
"deerhunter_both","GFS",0,,,,,1000000,1000000,1000000.0,0.0,7449210,7450115,7449662.5,452.5,198300,203796,201058.1,1880.8289369317986
"deerhunter_both","A* h+",0,,,,,1000000,1000000,1000000.0,0.0,3329748,3329748,3329748.0,0.0,354906,360599,357454.4,1981.7046298578402
"deerhunter_both","A* rp",0,,,,,1000000,1000000,1000000.0,0.0,2091659,2833220,2529447.3,340742.577287327,223322,316524,278315.3,42253.631216855196
"deerhunter_both","EFS h+",10,10,10,10.0,0.0,94259,94330,94294.5,35.5,534737,534737,534737.0,0.0,62274,64497,63621.9,738.6560024801803
"deerhunter_both","EFS rp",10,10,10,10.0,0.0,41440,87243,68380.7,21692.17787613775,212971,542407,407601.5,158099.11697239173,20442,71329,50295.8,24177.444429881336
"deerhunter_both","GFS h+",0,,,,,1000000,1000000,1000000.0,0.0,2298471,2298471,2298471.0,0.0,231404,235454,233494.8,1288.9374538743143
"deerhunter_both","GFS rp",0,,,,,1000000,1000000,1000000.0,0.0,2421641,2574920,2482967.2,75079.14808760153,245947,266280,254667.6,7490.307432942923
"secretagent","BFS",10,8,8,8.0,0.0,594,603,599.4,4.409081537009721,635,667,654.2,15.67673435381234,15,31,20.4,6.945502141674136
"secretagent","EFS",10,8,8,8.0,0.0,153,159,156.6,2.9393876913398143,211,219,215.8,3.919183588453085,15,16,15.5,0.5
"secretagent","GFS",10,8,8,8.0,0.0,307,317,313.0,4.898979485566356,775,789,783.4,6.858571279792898,0,16,10.9,7.147726911403373
"secretagent","A* h+",10,8,8,8.0,0.0,315,326,321.6,5.388877434122991,727,748,739.6,10.287856919689348,15,32,26.6,7.391887445030532
"secretagent","A* rp",10,8,8,8.0,0.0,277,305,302.2,8.399999999999999,627,685,679.2,17.4,15,31,20.3,7.014983962918233
"secretagent","EFS h+",10,8,8,8.0,0.0,30,35,33.0,2.449489742783178,115,128,122.8,6.368673331236263,0,16,7.9,7.90506166958867
"secretagent","EFS rp",10,8,8,8.0,0.0,34,39,34.5,1.5,115,128,116.3,3.9000000000000004,0,16,9.3,7.603288762108145
"secretagent","GFS h+",10,8,8,8.0,0.0,221,225,223.4,1.9595917942265424,492,504,499.2,5.8787753826796285,0,16,10.9,7.147726911403373
"secretagent","GFS rp",10,8,8,8.0,0.0,185,218,214.7,9.9,423,491,484.2,20.4,0,16,14.1,4.721228653645151
"aladdin_any","BFS",0,,,,,1000000,1000000,1000000.0,0.0,7982752,7984276,7983101.0,593.7022822930699,2429873,2742678,2576869.7,93954.50659553272
"aladdin_any","EFS",0,,,,,1000000,1000000,1000000.0,0.0,3446431,3446690,3446586.4,126.88356867616864,399567,405728,402712.1,2192.940694592537
"aladdin_any","GFS",0,,,,,1000000,1000000,1000000.0,0.0,1579881,8812252,6665618.8,3239553.614326974,140297,702801,535833.9,250304.42048212013
"aladdin_any","A* h+",0,,,,,1000000,1000000,1000000.0,0.0,25183752,25189588,2.51876316E7,2380.0661839537147,7386715,7980503,7665296.4,185759.30507848054
"aladdin_any","A* rp",0,,,,,1000000,1000000,1000000.0,0.0,25000665,25144133,2.50754059E7,41140.67547683193,6424874,7027124,6754901.6,161902.20777444637
"aladdin_any","EFS h+",0,,,,,1000000,1000000,1000000.0,0.0,4084474,4106921,4096110.2,6717.7546367815485,1064984,1117883,1097731.5,14832.019466343752
"aladdin_any","EFS rp",0,,,,,1000000,1000000,1000000.0,0.0,3678054,4191349,3962220.9,177805.34187894917,980553,1087249,1049195.3,31997.148198081653
"aladdin_any","GFS h+",0,,,,,1000000,1000000,1000000.0,0.0,1521643,9084353,6533879.7,3279373.2451069686,365731,2371797,1727025.6,888357.5553208516
"aladdin_any","GFS rp",0,,,,,1000000,1000000,1000000.0,0.0,1578345,9243617,6410920.4,3164644.681989661,371502,2527109,1653524.1,857989.2537341536
"aladdin_both","BFS",0,,,,,1000000,1000000,1000000.0,0.0,7982752,7984276,7983101.0,593.7022822930699,2393164,2643854,2515006.5,80150.70572271962
"aladdin_both","EFS",0,,,,,1000000,1000000,1000000.0,0.0,3446431,3446690,3446586.4,126.88356867616864,389442,397045,391420.4,2012.4024547788645
"aladdin_both","GFS",0,,,,,1000000,1000000,1000000.0,0.0,1579881,8812252,6665618.8,3239553.614326974,140947,713872,534293.5,250430.6144293265
"aladdin_both","A* h+",0,,,,,1000000,1000000,1000000.0,0.0,25183752,25189588,2.51876316E7,2380.0661839537147,7317953,7819798,7594502.7,178596.49211227524
"aladdin_both","A* rp",0,,,,,1000000,1000000,1000000.0,0.0,25000665,25144133,2.50754059E7,41140.67547683193,6563176,7099023,6699141.8,147832.60643633394
"aladdin_both","EFS h+",0,,,,,1000000,1000000,1000000.0,0.0,4084474,4106921,4096110.2,6717.7546367815485,1059042,1100642,1081675.7,13235.361559473922
"aladdin_both","EFS rp",0,,,,,1000000,1000000,1000000.0,0.0,3678054,4191349,3962220.9,177805.34187894917,976938,1111194,1039502.3,40121.71955200824
"aladdin_both","GFS h+",0,,,,,1000000,1000000,1000000.0,0.0,1521643,9084353,6533879.7,3279373.2451069686,367372,2358483,1713014.4,874980.8282784485
"aladdin_both","GFS rp",0,,,,,1000000,1000000,1000000.0,0.0,1578345,9243617,6410920.4,3164644.681989661,381152,2583322,1674239.0,867411.106088111
"hospital_any","BFS",0,,,,,1000000,1000000,1000000.0,0.0,12030065,12431146,1.22565141E7,180717.1263629709,2065670,2438832,2245133.8,113756.23843974448
"hospital_any","EFS",0,,,,,1000000,1000000,1000000.0,0.0,1708841,1725967,1715277.3,5418.2751323645425,95345,112081,100403.2,4632.891231185986
"hospital_any","GFS",10,4,4,4.0,0.0,37749,54549,46291.3,5892.672348773517,841173,1204339,952902.1,116010.38202113636,23294,34072,26448.9,3387.837169936005
"hospital_any","A* h+",10,4,4,4.0,0.0,2183,2183,2183.0,0.0,50574,50582,50578.0,4.0,7937,9038,8768.2,330.8981112064558
"hospital_any","A* rp",10,4,5,4.3,0.45825756949558405,7020,539081,70131.2,156578.47679409836,187688,4174679,741028.8,1148582.9665434535,33838,672553,124059.5,183452.79248474253
"hospital_any","EFS h+",0,,,,,1000000,1000000,1000000.0,0.0,3760419,3765345,3763783.6,1327.5213143298301,510305,563727,523419.4,15040.16998042243
"hospital_any","EFS rp",8,4,5,4.25,0.4330127018922193,593044,1000000,886954.2,127104.85237771216,2490346,4086624,3409134.3,465318.4842369901,357467,601366,495797.0,67039.70619714857
"hospital_any","GFS h+",10,4,4,4.0,0.0,36,7729,3882.5,3846.5,780,10375,5577.5,4797.5,125,1867,966.3,819.6280924907345
"hospital_any","GFS rp",10,4,5,4.3,0.45825756949558405,20,11717,3484.3,5060.986683444247,450,26956,8218.1,11214.477361428842,63,4094,1304.2,1754.0568291819966
"hospital_both","BFS",0,,,,,1000000,1000000,1000000.0,0.0,12030065,12431146,1.22565141E7,180717.1263629709,2083696,2364333,2236394.9,91989.47610074752
"hospital_both","EFS",0,,,,,1000000,1000000,1000000.0,0.0,1708841,1725967,1715277.3,5418.2751323645425,95925,110761,102374.0,5329.313407935398
"hospital_both","GFS",0,,,,,1000000,1000000,1000000.0,0.0,11427667,13774695,1.32932748E7,660483.73552432,358290,433225,414898.8,20700.22967408816
"hospital_both","A* h+",0,,,,,1000000,1000000,1000000.0,0.0,21975376,21993043,2.19839243E7,6236.829660171905,4101510,4444539,4238927.8,116600.44198183813
"hospital_both","A* rp",0,,,,,1000000,1000000,1000000.0,0.0,5650015,16407648,1.44712177E7,3066115.5491745924,890472,3303335,2814107.3,685656.5317763771
"hospital_both","EFS h+",0,,,,,1000000,1000000,1000000.0,0.0,3760419,3765345,3763783.6,1327.5213143298301,490607,560875,524667.3,20994.99780447714
"hospital_both","EFS rp",0,,,,,1000000,1000000,1000000.0,0.0,3617243,4086624,3799403.7,188197.70503226123,518824,654448,575548.9,46227.003111709506
"hospital_both","GFS h+",0,,,,,1000000,1000000,1000000.0,0.0,2335019,2575413,2489988.2,84628.05424774931,357794,424721,396369.7,21136.482517438893
"hospital_both","GFS rp",0,,,,,1000000,1000000,1000000.0,0.0,1940312,2747075,2136946.8,237804.15544426467,294962,417262,334755.9,33654.427918031826
"basketball_any","BFS",10,3,3,3.0,0.0,40179,42665,41241.4,848.9093237796367,638603,717759,672078.5,31464.102342987637,59429,74426,67763.4,4482.021847336311
"basketball_any","EFS",0,,,,,1000000,1000000,1000000.0,0.0,2362632,2497055,2427806.9,41337.92532638763,131366,150416,145291.3,5374.666799904902
"basketball_any","GFS",10,3,3,3.0,0.0,48593,148302,72789.2,37823.07134488155,140657,297637,174895.1,61266.6462791134,3907,10032,5259.7,2347.073967730885
"basketball_any","A* h+",8,3,3,3.0,0.0,175730,1000000,344470.9,327780.070661854,582261,4212845,1285963.1,1375950.0269614046,79019,902127,237600.2,296144.869993657
"basketball_any","A* rp",9,3,3,3.0,0.0,22454,1000000,154435.9,285033.9384425827,607972,24135091,3867417.0,6852097.584873744,105576,6451784,908461.1,1860156.0962563574
"basketball_any","EFS h+",10,3,3,3.0,0.0,28676,289007,82610.3,102973.10646770836,137764,1054894,331457.7,360776.13221915055,21131,202991,58549.6,70182.30254729463
"basketball_any","EFS rp",0,,,,,1000000,1000000,1000000.0,0.0,3784764,4620602,4122899.0,346743.9815800701,587120,682046,627012.6,37061.73675693032
"basketball_any","GFS h+",10,3,3,3.0,0.0,11879,425672,95630.2,165044.9020865534,44637,677975,174172.3,252009.36644261854,7217,132811,31913.6,48120.13713446793
"basketball_any","GFS rp",10,3,3,3.0,0.0,22450,110510,45920.5,33845.64535726864,160266,280075,185937.7,47106.67096080978,28099,51951,33441.5,8458.492220839362
"basketball_both","BFS",0,,,,,1000000,1000000,1000000.0,0.0,8693434,8949124,8863758.8,81142.51915093591,4666324,5061671,4895299.6,127739.95059275701
"basketball_both","EFS",0,,,,,1000000,1000000,1000000.0,0.0,2362632,2497055,2427806.9,41337.92532638763,138620,156229,145920.9,4992.699479239664
"basketball_both","GFS",0,,,,,1000000,1000000,1000000.0,0.0,1674811,2030016,1870425.6,93412.97133503461,73627,87456,79906.1,3595.124099387947
"basketball_both","A* h+",0,,,,,1000000,1000000,1000000.0,0.0,3853286,5819414,4948116.8,869353.2756178929,700618,1231115,986014.1,221213.46285452432
"basketball_both","A* rp",0,,,,,1000000,1000000,1000000.0,0.0,24135091,25290978,2.45573698E7,369140.26483974897,6370305,7253209,6624617.7,256480.5169653438
"basketball_both","EFS h+",0,,,,,1000000,1000000,1000000.0,0.0,3443334,3693450,3562109.8,78031.11117342877,659141,750182,708037.9,32100.992225942176
"basketball_both","EFS rp",0,,,,,1000000,1000000,1000000.0,0.0,3784764,4620602,4122899.0,346743.9815800701,586515,698495,636970.8,35664.27702281374
"basketball_both","GFS h+",0,,,,,1000000,1000000,1000000.0,0.0,1416103,1592105,1500257.3,68747.8407094361,316393,342921,327056.7,9193.85306658748
"basketball_both","GFS rp",0,,,,,1000000,1000000,1000000.0,0.0,1962802,2117478,2014687.6,55087.055062328385,361932,403788,381763.0,12851.710197479555
"western","BFS",0,,,,,1000000,1000000,1000000.0,0.0,4702533,4704944,4703640.5,881.4201325134343,907247,964014,933919.6,20954.690969804353
"western","EFS",0,,,,,1000000,1000000,1000000.0,0.0,1320421,1791863,1679182.9,153189.72672111535,250443,361899,327453.2,35080.24674884713
"western","GFS",0,,,,,1000000,1000000,1000000.0,0.0,3907642,4740883,4195726.1,258343.13198475007,434024,501844,460127.9,20026.373752878975
"western","A* h+",0,,,,,1000000,1000000,1000000.0,0.0,21849012,22214676,2.19736637E7,131308.0023860313,11607622,12320319,1.19441045E7,204480.12027346325
"western","A* rp",0,,,,,1000000,1000000,1000000.0,0.0,2056870,2476777,2315414.5,143618.19700320013,840990,1045893,951752.6,71373.5232102213
"western","EFS h+",10,8,8,8.0,0.0,926997,962757,956203.6,13020.237641456473,5400174,5621441,5564478.8,73142.02818735613,2902899,3128300,3036157.4,75776.65320426866
"western","EFS rp",7,8,8,8.0,0.0,666884,1000000,954181.6,96829.80256016222,3895998,5806762,5518747.6,547556.6987741452,2019617,3190085,3002701.5,333376.25433532306
"western","GFS h+",0,,,,,1000000,1000000,1000000.0,0.0,1895763,1906739,1900601.6,4265.222789022867,842819,1029420,918422.3,52282.05122802662
"western","GFS rp",0,,,,,1000000,1000000,1000000.0,0.0,1885430,1923133,1902878.8,13537.845417938557,805782,884416,842860.8,27291.545158894907
"fantasy_any","BFS",10,2,2,2.0,0.0,4,4,4.0,0.0,91,91,91.0,0.0,0,16,5.3,7.014983962918233
"fantasy_any","EFS",10,2,2,2.0,0.0,357,357,357.0,0.0,1378,1378,1378.0,0.0,60,79,66.2,6.982836100038437
"fantasy_any","GFS",10,2,2,2.0,0.0,41,41,41.0,0.0,589,589,589.0,0.0,15,32,18.2,5.3999999999999995
"fantasy_any","A* h+",10,3,3,3.0,0.0,13,13,13.0,0.0,275,275,275.0,0.0,16,32,28.5,6.264982043070834
"fantasy_any","A* rp",10,2,2,2.0,0.0,4,4,4.0,0.0,91,91,91.0,0.0,0,16,7.9,7.905061669588669
"fantasy_any","EFS h+",10,3,3,3.0,0.0,282,283,282.1,0.3,1946,1948,1947.8,0.6,138,173,147.1,10.830050784737809
"fantasy_any","EFS rp",10,2,2,2.0,0.0,182,182,182.0,0.0,1378,1378,1378.0,0.0,94,125,108.1,8.383913167489272
"fantasy_any","GFS h+",10,3,3,3.0,0.0,11,11,11.0,0.0,132,132,132.0,0.0,0,16,12.9,5.166236541235795
"fantasy_any","GFS rp",10,2,2,2.0,0.0,41,41,41.0,0.0,589,589,589.0,0.0,47,78,59.6,9.221713506718803
"fantasy_two","BFS",0,,,,,1000000,1000000,1000000.0,0.0,585335,595722,588503.2,4728.274903175576,69417,72369,71340.5,715.9558994798492
"fantasy_two","EFS",10,5,5,5.0,0.0,340559,340640,340570.7,23.715185008766007,218279,218677,218318.8,119.40000000000002,28456,29365,28927.8,286.8629637997907
"fantasy_two","GFS",10,5,5,5.0,0.0,73953,74019,73959.6,19.8,1054169,1054290,1054277.9,36.300000000000004,53574,54799,54110.8,363.8622816396336
"fantasy_two","A* h+",10,6,6,6.0,0.0,1522,1522,1522.0,0.0,22335,22348,22336.3,3.900000000000001,2431,2732,2511.7,92.9516541003978
"fantasy_two","A* rp",10,5,5,5.0,0.0,194465,196316,194915.9,611.637384403537,629501,634372,630894.1,1773.8076248567656,72047,77074,74721.0,1616.6766528901194
"fantasy_two","EFS h+",10,6,6,6.0,0.0,3962,3962,3962.0,0.0,28247,28261,28259.6,4.199999999999999,2981,3262,3113.7,86.36324449671862
"fantasy_two","EFS rp",10,5,5,5.0,0.0,29723,29885,29739.2,48.6,215420,215818,215459.8,119.40000000000002,22937,23682,23432.2,212.79887217746244
"fantasy_two","GFS h+",10,6,6,6.0,0.0,1129,1129,1129.0,0.0,16360,16360,16360.0,0.0,2040,2180,2101.4,50.7763724580636
"fantasy_two","GFS rp",10,5,5,5.0,0.0,72401,72467,72407.6,19.8,1038242,1038366,1038353.6,37.199999999999996,133087,138871,135933.6,2063.487106817002
"fantasy_all","BFS",0,,,,,1000000,1000000,1000000.0,0.0,585335,595722,588503.2,4728.274903175576,67265,69881,68656.4,743.402744143442
"fantasy_all","EFS",0,,,,,1000000,1000000,1000000.0,0.0,470175,471502,471082.3,594.0607797187085,74326,79096,76945.3,1704.5649327614365
"fantasy_all","GFS",0,,,,,1000000,1000000,1000000.0,0.0,14229634,14235523,1.42335535E7,1663.0882267636916,844316,852578,848923.7,2847.0846510070614
"fantasy_all","A* h+",0,,,,,1000000,1000000,1000000.0,0.0,6356691,6359971,6357700.2,1180.8298607335437,992365,1045780,1019898.4,16059.840237063383
"fantasy_all","A* rp",0,,,,,1000000,1000000,1000000.0,0.0,3594597,3645896,3614329.0,17310.455765230447,455598,465299,459802.6,2636.481374863096
"fantasy_all","EFS h+",0,,,,,1000000,1000000,1000000.0,0.0,9906783,9906794,9906784.1,3.3000000000000003,2983706,3057817,3026891.6,24206.899434665316
"fantasy_all","EFS rp",0,,,,,1000000,1000000,1000000.0,0.0,9378935,9380195,9379437.4,377.47985376705867,1623324,1725759,1661059.1,33993.92958294172
"fantasy_all","GFS h+",0,,,,,1000000,1000000,1000000.0,0.0,14546510,14547126,1.45470382E7,180.29853022140804,2470409,2553623,2501570.0,26601.67882296153
"fantasy_all","GFS rp",0,,,,,1000000,1000000,1000000.0,0.0,14346462,14352389,1.43504451E7,1666.4597474886693,2034645,2122689,2071986.7,32381.34684058092
"space_any","BFS",10,2,2,2.0,0.0,4,4,4.0,0.0,34,34,34.0,0.0,0,15,1.5,4.5
"space_any","EFS",10,2,2,2.0,0.0,13,14,13.3,0.45825756949558405,79,79,79.0,0.0,0,16,1.6,4.800000000000001
"space_any","GFS",10,2,2,2.0,0.0,4,4,4.0,0.0,25,25,25.0,0.0,0,15,1.5,4.5
"space_any","A* h+",10,2,2,2.0,0.0,2,2,2.0,0.0,16,16,16.0,0.0,0,0,0.0,0.0
"space_any","A* rp",10,2,3,2.3,0.45825756949558405,26,211,155.1,84.2988137520333,106,724,537.6,282.5495354800641,0,32,23.4,10.44222198576529
"space_any","EFS h+",10,2,2,2.0,0.0,7,7,7.0,0.0,47,47,47.0,0.0,0,0,0.0,0.0
"space_any","EFS rp",10,2,3,2.3,0.45825756949558405,7,14,9.1,2.808914381037628,47,84,58.5,16.710774967068403,0,16,4.7,7.184010022264725
"space_any","GFS h+",10,2,2,2.0,0.0,2,2,2.0,0.0,12,12,12.0,0.0,0,16,1.6,4.800000000000001
"space_any","GFS rp",10,2,3,2.3,0.45825756949558405,6,27,19.4,8.83402513014311,54,127,105.1,33.452802573177635,0,16,4.8,7.332121111929343
"space_two","BFS",10,3,3,3.0,0.0,14,16,14.6,0.9165151389911681,94,102,96.4,3.6660605559646724,0,15,1.5,4.5
"space_two","EFS",10,3,3,3.0,0.0,17,18,17.3,0.45825756949558405,92,92,92.0,0.0,0,0,0.0,0.0
"space_two","GFS",10,3,3,3.0,0.0,14,15,14.5,0.5,94,94,94.0,0.0,0,0,0.0,0.0
"space_two","A* h+",10,3,3,3.0,0.0,12,12,12.0,0.0,126,126,126.0,0.0,0,16,4.8,7.332121111929345
"space_two","A* rp",10,3,3,3.0,0.0,26,215,157.9,86.13181758212235,106,746,553.0,292.6311671712362,0,31,18.5,11.629703349613008
"space_two","EFS h+",10,3,3,3.0,0.0,8,8,8.0,0.0,56,56,56.0,0.0,0,16,1.6,4.800000000000001
"space_two","EFS rp",10,3,3,3.0,0.0,8,14,9.8,2.3579652245103193,56,84,64.8,12.592060990957757,0,16,1.6,4.800000000000001
"space_two","GFS h+",10,3,3,3.0,0.0,7,7,7.0,0.0,50,50,50.0,0.0,0,16,4.7,7.184010022264726
"space_two","GFS rp",10,3,3,3.0,0.0,6,31,22.2,10.656453443805777,54,149,120.5,43.53446910208048,0,16,7.9,7.90506166958867
"space_three","BFS",10,3,3,3.0,0.0,14,16,14.6,0.9165151389911681,94,102,96.4,3.6660605559646724,0,16,3.2,6.400000000000001
"space_three","EFS",10,3,3,3.0,0.0,17,18,17.3,0.45825756949558405,92,92,92.0,0.0,0,16,6.3,7.7207512587830465
"space_three","GFS",10,3,3,3.0,0.0,34,47,38.3,5.348831648126533,197,244,215.5,17.528548142958105,0,16,6.2,7.6000000000000005
"space_three","A* h+",10,3,3,3.0,0.0,13,13,13.0,0.0,139,139,139.0,0.0,0,16,9.4,7.683749084919419
"space_three","A* rp",10,3,3,3.0,0.0,26,1712,1205.8,772.1423184879844,106,6831,4812.5,3081.1275939175257,0,282,187.5,116.78891214494637
"space_three","EFS h+",10,3,3,3.0,0.0,21,21,21.0,0.0,132,132,132.0,0.0,0,16,3.1,6.20403094769844
"space_three","EFS rp",10,3,3,3.0,0.0,13,17,15.4,1.42828568570857,84,172,144.6,39.67921370188678,0,16,6.1,7.475961476626267
"space_three","GFS h+",10,3,3,3.0,0.0,27,27,27.0,0.0,135,135,135.0,0.0,0,16,3.2,6.400000000000001
"space_three","GFS rp",10,3,4,3.7,0.45825756949558405,6,98,68.6,40.99804873405563,54,759,535.5,315.34623828420723,0,47,23.5,16.057708429287164
"space_four","BFS",10,5,5,5.0,0.0,1665,2010,1778.9,142.2247868692374,5823,6670,6107.0,344.4958635455584,125,187,145.5,17.142053552593985
"space_four","EFS",10,5,5,5.0,0.0,408,411,408.9,1.374772708486752,1796,1806,1799.0,4.58257569495584,31,48,42.4,7.045565981523415
"space_four","GFS",10,5,5,5.0,0.0,125,154,136.7,10.621205204683696,910,1106,981.8,68.45407219442828,15,32,23.5,7.710382610480495
"space_four","A* h+",10,5,5,5.0,0.0,216,221,217.5,2.29128784747792,1754,1794,1766.0,18.33030277982336,46,63,53.1,7.892401408950257
"space_four","A* rp",10,6,6,6.0,0.0,30849,36923,33019.3,2513.2376350039003,99762,120821,107205.4,8775.863446977739,4376,5829,4838.6,435.79334552055747
"space_four","EFS h+",10,5,5,5.0,0.0,205,210,206.5,2.29128784747792,1068,1108,1080.0,18.33030277982336,15,47,34.4,11.663618649458666
"space_four","EFS rp",10,6,6,6.0,0.0,1012,1021,1014.7,3.6619666847201113,5677,5874,5736.1,88.38263404085669,187,250,218.7,18.51512894905137
"space_four","GFS h+",10,5,5,5.0,0.0,52,54,52.6,0.9165151389911681,304,322,309.4,8.248636250920512,15,32,17.5,4.863126566315131
"space_four","GFS rp",10,6,6,6.0,0.0,1220,1459,1370.7,71.94032249024187,9871,10660,10432.0,216.40009242142204,501,626,573.8,42.37640853116271
"space_all","BFS",10,6,6,6.0,0.0,16471,17256,16706.4,351.40637444417536,52336,55156,53181.7,1267.3425779953893,1328,1438,1370.9,36.40453268481824
"space_all","EFS",10,6,6,6.0,0.0,1627,1636,1629.7,3.6619666847201113,6503,6717,6567.2,95.96436838743847,140,281,190.6,34.83733629312091
"space_all","GFS",10,6,6,6.0,0.0,1068,1171,1100.1,43.28845111574218,8450,9039,8630.9,256.11421280358496,187,235,215.6,17.012936254509388
"space_all","A* h+",10,6,6,6.0,0.0,8649,8659,8652.0,4.58257569495584,33994,34052,34011.4,26.578939030743868,1250,1375,1307.9,34.88108369876142
"space_all","A* rp",10,6,6,6.0,0.0,30849,36923,33019.3,2513.2376350039003,99762,120821,107205.4,8775.863446977739,4235,5376,4725.9,413.1175256509944
"space_all","EFS h+",10,6,6,6.0,0.0,1140,1142,1140.6,0.9165151389911681,6404,6414,6407.0,4.58257569495584,219,281,248.6,17.579533554676587
"space_all","EFS rp",10,6,6,6.0,0.0,1012,1021,1014.7,3.6619666847201113,5677,5874,5736.1,88.38263404085669,203,344,239.0,36.41702898370486
"space_all","GFS h+",10,6,6,6.0,0.0,1380,1384,1381.2,1.8330302779823358,7884,7906,7890.6,10.081666528902849,282,359,316.0,29.206163733020468
"space_all","GFS rp",10,6,6,6.0,0.0,1220,1459,1370.7,71.94032249024187,9871,10660,10432.0,216.40009242142204,531,625,581.4,27.803596889611242
"raiders","BFS",10,6,6,6.0,0.0,40862,99351,60916.8,19831.55326140643,94733,237357,140912.1,50152.339936337965,2500,6502,3875.9,1416.2357466184787
"raiders","EFS",10,6,6,6.0,0.0,222,224,222.4,0.8,1750,1776,1755.2,10.399999999999999,31,62,40.7,10.227903010881557
"raiders","GFS",10,6,6,6.0,0.0,913,1856,1234.2,321.21419644841353,5509,10686,7110.4,1886.9565548787816,94,235,144.0,48.942823784493676
"raiders","A* h+",10,6,6,6.0,0.0,8025,8554,8198.7,212.0863267634196,23634,25569,24346.8,785.6588063529867,984,1203,1069.0,67.85130801981639
"raiders","A* rp",10,6,6,6.0,0.0,2401,7132,3510.2,1380.530318392175,8791,25721,12614.2,4902.861650097829,313,1219,548.4,255.43617598139852
"raiders","EFS h+",10,6,6,6.0,0.0,71,71,71.0,0.0,584,584,584.0,0.0,15,31,18.9,6.057227088363122
"raiders","EFS rp",10,6,6,6.0,0.0,74,95,80.3,9.623408959407262,591,832,663.3,110.44007424843575,15,32,23.5,7.915175298121956
"raiders","GFS h+",10,6,6,6.0,0.0,2552,2999,2800.8,185.3228534207263,6423,7273,6900.7,351.1318982946437,297,360,328.1,18.511888072263186
"raiders","GFS rp",10,6,6,6.0,0.0,417,1551,1225.4,388.0917932654593,2125,4365,3688.5,769.1552834116138,93,220,184.5,47.98593543945976
"treasure","BFS",10,4,4,4.0,0.0,113,113,113.0,0.0,266,266,266.0,0.0,0,16,1.6,4.800000000000001
"treasure","EFS",10,4,4,4.0,0.0,65,65,65.0,0.0,159,159,159.0,0.0,0,125,13.9,37.267814532113356
"treasure","GFS",10,4,4,4.0,0.0,33,33,33.0,0.0,90,92,91.2,0.9797958971132712,0,1,0.1,0.30000000000000004
"treasure","A* h+",10,4,4,4.0,0.0,75,75,75.0,0.0,119,119,119.0,0.0,0,0,0.0,0.0
"treasure","A* rp",10,4,4,4.0,0.0,85,85,85.0,0.0,147,147,147.0,0.0,0,16,1.6,4.800000000000001
"treasure","EFS h+",10,4,4,4.0,0.0,53,53,53.0,0.0,126,126,126.0,0.0,0,1,0.1,0.30000000000000004
"treasure","EFS rp",10,4,4,4.0,0.0,55,55,55.0,0.0,128,128,128.0,0.0,0,0,0.0,0.0
"treasure","GFS h+",10,4,4,4.0,0.0,21,21,21.0,0.0,78,78,78.0,0.0,0,1,0.2,0.4000000000000001
"treasure","GFS rp",10,4,4,4.0,0.0,23,23,23.0,0.0,83,83,83.0,0.0,0,0,0.0,0.0
"gramma_any","BFS",10,3,3,3.0,0.0,5364,5392,5377.6,8.345058418010026,11686,12155,11912.3,148.77637581282858,12628,17130,16426.0,1282.1045199202754
"gramma_any","EFS",10,3,3,3.0,0.0,48637,48800,48730.0,61.405211505213465,77157,78108,77705.2,297.70918695935467,16239,20099,19041.6,1160.3370372439208
"gramma_any","GFS",10,3,3,3.0,0.0,39151,39153,39152.0,0.6324555320336759,65457,65476,65465.4,7.28285658241325,5048,5349,5210.7,79.4934588503985
"gramma_any","A* h+",10,3,3,3.0,0.0,2134,2156,2148.8,6.046486583132388,32345,32601,32517.4,86.54617264789934,10548,13757,12725.2,1261.3951640941075
"gramma_any","A* rp",10,3,3,3.0,0.0,385,444,416.3,18.193680221439532,5863,6799,6284.7,278.1618413801577,1947,2733,2426.1,227.41963415677196
"gramma_any","EFS h+",10,3,3,3.0,0.0,8224,8265,8245.3,14.47100549374507,45307,45477,45392.0,56.63391210220251,19426,21619,20556.0,778.1594952193284
"gramma_any","EFS rp",10,3,3,3.0,0.0,7832,8283,7974.2,126.01491975159131,43355,45063,43972.7,484.4116121646961,12971,19053,17687.7,2057.0368032682354
"gramma_any","GFS h+",10,3,3,3.0,0.0,23941,23943,23941.6,0.8,40689,40704,40694.4,6.681317235396026,16479,17425,17026.7,260.05808966459784
"gramma_any","GFS rp",10,3,3,3.0,0.0,3465,3467,3465.6,0.8,6257,6291,6266.2,13.242356285797479,1594,1996,1887.7,111.67278092713552
"gramma_win","BFS",0,,,,,1000000,1000000,1000000.0,0.0,3262366,3422283,3366900.7,56160.354601889754,2113723,2471130,2365853.3,101230.93680792447
"gramma_win","EFS",10,5,5,5.0,0.0,502769,644791,573686.6,47397.75367504245,856348,1044317,949584.4,85936.6336811025,213320,282677,249570.1,21292.681960946113
"gramma_win","GFS",0,,,,,1000000,1000000,1000000.0,0.0,1612222,1621774,1616943.4,3055.12036424099,162225,169054,164914.4,2049.347808450288
"gramma_win","A* h+",0,,,,,1000000,1000000,1000000.0,0.0,12096031,12111710,1.21042157E7,4521.967670163068,6086561,6708691,6375421.0,179029.04958693156
"gramma_win","A* rp",10,5,5,5.0,0.0,96870,108516,102199.7,3688.9558969984987,1420615,1588023,1497399.7,56292.885149102105,579557,658591,615666.9,24728.386605073934
"gramma_win","EFS h+",10,5,5,5.0,0.0,122414,150236,136211.8,12661.153381900087,564614,690565,626965.9,57986.3768663813,253915,403130,346572.5,45446.655384637495
"gramma_win","EFS rp",10,5,5,5.0,0.0,107779,135947,121924.1,13243.760141666717,497798,626385,562128.8,60791.645229916256,185981,299688,246774.9,30576.192040376773
"gramma_win","GFS h+",0,,,,,1000000,1000000,1000000.0,0.0,1630593,1630683,1630639.2,36.75268697660077,612956,747531,699906.7,38803.85946539338
"gramma_win","GFS rp",10,5,5,5.0,0.0,409637,446268,431629.6,17906.898470701173,682085,747976,721759.9,31715.542610682227,228515,300480,262333.7,22397.5049684111
"jailbreak_lose","BFS",10,4,4,4.0,0.0,35712,36288,36057.6,282.1812183686221,391300,398110,395386.0,3336.2050296706884,4783,5032,4916.8,81.87038536613835
"jailbreak_lose","EFS",10,4,4,4.0,0.0,544925,614033,585937.3,32783.19524100724,1431664,1629417,1544894.8,84609.29731867532,19692,22596,21221.1,1175.5793848141436
"jailbreak_lose","GFS",0,,,,,1000000,1000000,1000000.0,0.0,1217711,1304115,1255573.3,28515.14713989742,18192,19002,18593.7,235.64466894033484
"jailbreak_lose","A* h+",10,4,4,4.0,0.0,2279,2279,2279.0,0.0,33974,33974,33974.0,0.0,1907,1969,1936.7,21.009759636892564
"jailbreak_lose","A* rp",10,4,4,4.0,0.0,38919,38987,38932.7,27.151611370229947,381858,382676,382024.2,325.9907360646925,30694,32413,31358.6,586.9109302100278
"jailbreak_lose","EFS h+",10,4,4,4.0,0.0,79592,79592,79592.0,0.0,173701,173701,173701.0,0.0,13097,14299,13762.4,357.3245583499684
"jailbreak_lose","EFS rp",10,4,4,4.0,0.0,79597,96513,81300.3,5070.915717106724,173759,212101,177705.0,11465.879024305113,13783,17572,14350.3,1087.2655655358537
"jailbreak_lose","GFS h+",10,4,4,4.0,0.0,465371,465371,465371.0,0.0,550734,550734,550734.0,0.0,41581,43340,42654.6,543.8878928602843
"jailbreak_lose","GFS rp",10,4,4,4.0,0.0,427,428,427.1,0.3,5118,5132,5119.4,4.2,281,344,317.2,19.973983077994234
"jailbreak_escape","BFS",0,,,,,1000000,1000000,1000000.0,0.0,9832557,10282447,1.01424496E7,202773.03519166447,131746,134270,133092.1,824.3294790312913
"jailbreak_escape","EFS",0,,,,,1000000,1000000,1000000.0,0.0,2659597,2706802,2680840.1,15061.441255404477,36191,37446,36849.3,491.76499468750313
"jailbreak_escape","GFS",0,,,,,1000000,1000000,1000000.0,0.0,1217711,1304115,1255573.3,28515.14713989742,17580,18907,18399.9,356.2477929756197
"jailbreak_escape","A* h+",0,,,,,1000000,1000000,1000000.0,0.0,11522713,11530078,1.15250075E7,2115.2186766384225,764356,821628,798170.2,18837.210540841763
"jailbreak_escape","A* rp",0,,,,,1000000,1000000,1000000.0,0.0,9131923,9132774,9132252.1,222.75881576269884,866479,924906,894038.4,20791.326509869446
"jailbreak_escape","EFS h+",0,,,,,1000000,1000000,1000000.0,0.0,2118630,2119032,2118839.0,124.81666555392353,177213,182587,179144.0,1810.6408257851695
"jailbreak_escape","EFS rp",0,,,,,1000000,1000000,1000000.0,0.0,2112250,2155522,2131011.9,11461.78240458263,177794,184982,181705.3,2391.786238358269
"jailbreak_escape","GFS h+",0,,,,,1000000,1000000,1000000.0,0.0,1250138,1276611,1263283.1,13078.569420620895,96834,101319,99504.0,1634.1059941142128
"jailbreak_escape","GFS rp",0,,,,,1000000,1000000,1000000.0,0.0,1230612,1253213,1244887.3,9079.51248746319,99361,103711,101387.1,1343.8605917281748
"jailbreak_revenge","BFS",0,,,,,1000000,1000000,1000000.0,0.0,9832557,10282447,1.01424496E7,202773.03519166447,131099,136743,133600.9,1769.5721771094843
"jailbreak_revenge","EFS",0,,,,,1000000,1000000,1000000.0,0.0,2659597,2706802,2680840.1,15061.441255404477,36022,37302,36809.3,446.0293824402155
"jailbreak_revenge","GFS",0,,,,,1000000,1000000,1000000.0,0.0,1217711,1304115,1255573.3,28515.14713989742,18002,18818,18396.5,236.50845650843016
"jailbreak_revenge","A* h+",0,,,,,1000000,1000000,1000000.0,0.0,11522713,11530078,1.15250075E7,2115.2186766384225,747284,799807,774605.2,14814.458227015932
"jailbreak_revenge","A* rp",0,,,,,1000000,1000000,1000000.0,0.0,9131923,9132774,9132252.1,222.75881576269884,851180,915708,889301.0,20812.20544296063
"jailbreak_revenge","EFS h+",0,,,,,1000000,1000000,1000000.0,0.0,2118630,2119032,2118839.0,124.81666555392353,175658,181355,177897.8,1979.6021721547995
"jailbreak_revenge","EFS rp",0,,,,,1000000,1000000,1000000.0,0.0,2112250,2155522,2131011.9,11461.78240458263,174953,185021,180174.7,3019.26742936097
"jailbreak_revenge","GFS h+",0,,,,,1000000,1000000,1000000.0,0.0,1250138,1276611,1263283.1,13078.569420620895,98050,100477,99106.2,717.7054827713107
"jailbreak_revenge","GFS rp",0,,,,,1000000,1000000,1000000.0,0.0,1230612,1253213,1244887.3,9079.51248746319,99457,103018,101513.9,1212.7197903885299
"lovers","BFS",0,,,,,1000000,1000000,1000000.0,0.0,12039981,12166115,1.20728626E7,36083.60622277102,2325316,2505542,2400378.8,59474.209415174235
"lovers","EFS",0,,,,,1000000,1000000,1000000.0,0.0,2195177,2903582,2766097.8,194181.1238997241,203586,287217,262786.2,21133.845375605455
"lovers","GFS",9,5,5,5.0,0.0,280269,1000000,393101.1,209517.66056657373,613270,1729128,769915.3,325524.63041620987,32804,129731,44885.6,28401.473296996406
"lovers","A* h+",0,,,,,1000000,1000000,1000000.0,0.0,34936490,35169559,3.50910821E7,73807.06484537912,8239286,8729238,8449272.2,145906.26813937776
"lovers","A* rp",0,,,,,1000000,1000000,1000000.0,0.0,26624584,31293075,2.78492708E7,1605358.5827368787,6970954,8761815,8061378.0,568798.0135951601
"lovers","EFS h+",10,5,5,5.0,0.0,847369,922068,903077.5,29514.746006869176,4156790,4453933,4372892.3,115508.17707508849,738751,795928,770981.3,16642.52032626068
"lovers","EFS rp",10,5,5,5.0,0.0,142887,593261,214543.3,127111.15543967807,568341,2755772,902926.9,620954.0516100124,94461,461942,146652.5,105472.09001555815
"lovers","GFS h+",0,,,,,1000000,1000000,1000000.0,0.0,1506768,1670565,1540549.6,64917.61321891001,335730,377229,348763.5,14443.526191688787
"lovers","GFS rp",0,,,,,1000000,1000000,1000000.0,0.0,1562107,1677429,1629592.9,51355.68173133329,312352,356613,338565.9,16488.62247399703